Memory Length,12500,
Trigger Level,2.080E+00,
Source,CH1,
Vertical Units,V,
Vertical Scale,2.000E+00,
Vertical Position,0.000E+00,
Horizontal Units,s,
Horizontal Scale,5.000E-07,
Horizontal Position,0.000E+00,
Horizontal Mode,Main,
Sampling Period,2.000E-09,
Firmware,V1.09,
Time,21-Mai-12  9:08,
Waveform Data,
49,
49,
49,
49,
49,
49,
49,
49,
49,
49,
49,
49,
49,
49,
49,
49,
49,
49,
49,
49,
49,
49,
49,
49,
49,
49,
49,
49,
49,
49,
49,
49,
49,
49,
49,
49,
49,
49,
49,
49,
49,
49,
49,
49,
49,
49,
49,
49,
49,
49,
49,
49,
49,
49,
49,
49,
49,
49,
49,
49,
49,
49,
49,
49,
49,
49,
49,
49,
49,
49,
49,
49,
49,
49,
48,
49,
49,
49,
49,
49,
49,
48,
49,
49,
49,
49,
49,
49,
49,
49,
49,
49,
49,
49,
49,
49,
49,
49,
49,
49,
49,
49,
49,
49,
49,
49,
49,
49,
49,
49,
49,
49,
49,
49,
49,
49,
49,
49,
49,
49,
49,
49,
49,
49,
49,
49,
49,
49,
49,
49,
49,
49,
49,
49,
49,
49,
49,
49,
49,
49,
49,
49,
49,
49,
49,
49,
49,
49,
49,
49,
49,
49,
49,
49,
49,
49,
49,
49,
49,
49,
49,
49,
49,
49,
49,
49,
49,
49,
49,
49,
49,
49,
49,
49,
49,
49,
49,
49,
49,
49,
49,
49,
49,
49,
49,
49,
49,
49,
49,
49,
49,
49,
49,
49,
49,
49,
49,
49,
49,
49,
49,
49,
49,
49,
49,
49,
49,
49,
49,
49,
49,
49,
49,
49,
49,
49,
49,
48,
49,
49,
49,
49,
49,
49,
49,
49,
49,
49,
49,
49,
49,
49,
49,
49,
49,
49,
49,
49,
49,
49,
49,
49,
49,
49,
49,
48,
49,
49,
49,
49,
49,
49,
49,
49,
49,
49,
49,
49,
49,
49,
49,
49,
49,
49,
48,
48,
49,
49,
49,
49,
49,
49,
49,
49,
49,
49,
49,
49,
48,
49,
49,
49,
49,
49,
49,
49,
49,
49,
49,
49,
48,
49,
49,
49,
49,
49,
49,
49,
49,
49,
49,
49,
49,
49,
49,
49,
49,
49,
48,
48,
49,
49,
49,
49,
49,
49,
49,
48,
49,
49,
49,
49,
49,
49,
49,
49,
49,
49,
49,
49,
49,
49,
49,
49,
49,
49,
49,
49,
49,
49,
49,
49,
49,
49,
49,
49,
48,
49,
49,
49,
49,
49,
49,
49,
49,
48,
48,
49,
48,
49,
49,
49,
49,
49,
49,
49,
49,
48,
49,
49,
48,
49,
49,
48,
48,
49,
49,
49,
49,
49,
49,
49,
49,
49,
49,
48,
49,
48,
48,
49,
49,
48,
48,
48,
48,
48,
48,
48,
48,
48,
48,
48,
48,
48,
47,
47,
46,
45,
44,
43,
41,
38,
36,
32,
29,
25,
21,
17,
13,
9,
5,
0,
-3,
-7,
-10,
-12,
-15,
-16,
-18,
-18,
-19,
-19,
-18,
-17,
-16,
-14,
-13,
-11,
-10,
-8,
-6,
-4,
-3,
-2,
-1,
0,
1,
1,
2,
2,
2,
2,
2,
1,
1,
0,
0,
-1,
-1,
-2,
-2,
-3,
-3,
-4,
-5,
-5,
-5,
-5,
-6,
-6,
-6,
-6,
-5,
-5,
-5,
-4,
-4,
-4,
-3,
-3,
-3,
-3,
-3,
-2,
-2,
-2,
-2,
-2,
-2,
-2,
-2,
-2,
-3,
-3,
-3,
-3,
-3,
-3,
-3,
-3,
-3,
-4,
-4,
-4,
-3,
-3,
-3,
-3,
-3,
-3,
-3,
-3,
-2,
-2,
-3,
-3,
-3,
-3,
-3,
-3,
-3,
-3,
-3,
-3,
-3,
-3,
-3,
-3,
-3,
-3,
-3,
-3,
-3,
-3,
-3,
-3,
-3,
-3,
-3,
-3,
-3,
-3,
-3,
-3,
-3,
-3,
-3,
-3,
-3,
-3,
-3,
-3,
-3,
-3,
-3,
-3,
-3,
-3,
-3,
-3,
-3,
-3,
-3,
-3,
-2,
-3,
-3,
-3,
-3,
-3,
-3,
-3,
-3,
-3,
-3,
-3,
-3,
-3,
-3,
-3,
-3,
-3,
-2,
-3,
-2,
-2,
-2,
-2,
-2,
-2,
-3,
-2,
-2,
-3,
-3,
-3,
-3,
-3,
-3,
-3,
-3,
-3,
-3,
-3,
-3,
-3,
-3,
-2,
-2,
-2,
-2,
-2,
-2,
-2,
-2,
-2,
-2,
-2,
-2,
-2,
-2,
-2,
-2,
-2,
-2,
-2,
-2,
-2,
-2,
-2,
-3,
-3,
-2,
-2,
-2,
-2,
-2,
-2,
-2,
-2,
-2,
-2,
-2,
-2,
-2,
-2,
-2,
-2,
-2,
-2,
-2,
-2,
-2,
-2,
-2,
-2,
-2,
-2,
-2,
-2,
-2,
-2,
-2,
-2,
-2,
-2,
-2,
-2,
-2,
-2,
-2,
-2,
-2,
-2,
-2,
-2,
-2,
-2,
-2,
-2,
-2,
-2,
-2,
-2,
-2,
-2,
-2,
-2,
-2,
-2,
-2,
-2,
-2,
-2,
-2,
-2,
-2,
-2,
-2,
-2,
-2,
-2,
-2,
-2,
-2,
-2,
-2,
-2,
-2,
-2,
-2,
-2,
-2,
-2,
-2,
-2,
-2,
-2,
-2,
-2,
-2,
-2,
-2,
-2,
-2,
-2,
-2,
-2,
-2,
-2,
-2,
-2,
-2,
-2,
-2,
-2,
-2,
-2,
-2,
-2,
-2,
-2,
-2,
-2,
-2,
-2,
-2,
-2,
-2,
-2,
-2,
-2,
-2,
-2,
-2,
-2,
-2,
-2,
-2,
-2,
-2,
-2,
-2,
-2,
-2,
-2,
-2,
-2,
-2,
-2,
-2,
-2,
-2,
-2,
-2,
-2,
-2,
-2,
-2,
-2,
-2,
-2,
-2,
-2,
-2,
-2,
-2,
-2,
-2,
-2,
-2,
-2,
-2,
-2,
-2,
-2,
-2,
-2,
-2,
-2,
-2,
-2,
-2,
-2,
-2,
-2,
-2,
-2,
-2,
-2,
-2,
-2,
-2,
-2,
-2,
-2,
-2,
-2,
-2,
-2,
-2,
-2,
-2,
-2,
-2,
-2,
-2,
-2,
-2,
-2,
-2,
-2,
-2,
-2,
-2,
-2,
-2,
-2,
-2,
-2,
-2,
-2,
-2,
-2,
-2,
-2,
-2,
-2,
-2,
-2,
-2,
-2,
-2,
-2,
-2,
-2,
-2,
-2,
-2,
-2,
-2,
-2,
-2,
-2,
-2,
-2,
-2,
-2,
-2,
-2,
-2,
-2,
-2,
-2,
-2,
-2,
-2,
-2,
-2,
-2,
-2,
-2,
-2,
-2,
-2,
-2,
-2,
-2,
-2,
-2,
-2,
-2,
-2,
-2,
-2,
-2,
-2,
-2,
-2,
-2,
-2,
-2,
-2,
-2,
-2,
-2,
-2,
-2,
-2,
-2,
-2,
-2,
-2,
-2,
-2,
-2,
-2,
-2,
-2,
-2,
-2,
-2,
-2,
-2,
-2,
-2,
-2,
-2,
-2,
-2,
-2,
-2,
-2,
-2,
-2,
-2,
-2,
-2,
-2,
-2,
-2,
-2,
-2,
-2,
-2,
-2,
-2,
-2,
-2,
-2,
-2,
-2,
-2,
-2,
-2,
-2,
-2,
-2,
-2,
-2,
-2,
-2,
-2,
-2,
-2,
-2,
-2,
-2,
-2,
-2,
-2,
-2,
-2,
-2,
-2,
-2,
-2,
-2,
-2,
-2,
-2,
-2,
-2,
-2,
-2,
-2,
-2,
-2,
-2,
-2,
-2,
-2,
-2,
-2,
-2,
-2,
-2,
-2,
-2,
-2,
-2,
-2,
-2,
-2,
-2,
-2,
-2,
-2,
-2,
-2,
-2,
-2,
-2,
-2,
-2,
-2,
-2,
-2,
-2,
-2,
-2,
-2,
-2,
-2,
-2,
-2,
-2,
-2,
-2,
-2,
-2,
-2,
-2,
-2,
-2,
-1,
-2,
-2,
-2,
-2,
-2,
-2,
-2,
-2,
-2,
-2,
-2,
-2,
-2,
-2,
-2,
-1,
-2,
-2,
-2,
-2,
-2,
-2,
-2,
-2,
-2,
-2,
-2,
-2,
-2,
-2,
-2,
-2,
-2,
-2,
-2,
-2,
-2,
-2,
-2,
-2,
-2,
-2,
-2,
-2,
-2,
-2,
-2,
-2,
-2,
-2,
-2,
-2,
-2,
-1,
-2,
-2,
-2,
-2,
-2,
-1,
-2,
-2,
-2,
-2,
-2,
-2,
-2,
-2,
-2,
-2,
-2,
-2,
-1,
-2,
-2,
-2,
-2,
-2,
-2,
-2,
-2,
-1,
-1,
-2,
-1,
-1,
-2,
-1,
-2,
-2,
-2,
-2,
-2,
-2,
-2,
-2,
-2,
-2,
-2,
-2,
-2,
-2,
-1,
-2,
-2,
-1,
-2,
-2,
-2,
-1,
-2,
-2,
-2,
-2,
-2,
-2,
-1,
-1,
-1,
-2,
-2,
-2,
-2,
-2,
-2,
-2,
-2,
-2,
-2,
-2,
-2,
-2,
-2,
-2,
-2,
-2,
-2,
-2,
-1,
-1,
-2,
-1,
-2,
-2,
-2,
-1,
-1,
-2,
-2,
-1,
-2,
-2,
-2,
-2,
-2,
-2,
-2,
-1,
-2,
-2,
-1,
-1,
-1,
-1,
-2,
-2,
-2,
-2,
-2,
-1,
-1,
-2,
-2,
-2,
-1,
-2,
-1,
-2,
-2,
-1,
-2,
-1,
-1,
-1,
-1,
-1,
-1,
-1,
-1,
-1,
-1,
-1,
-1,
-1,
-1,
-1,
-1,
-1,
-1,
-1,
-1,
-1,
-1,
0,
0,
1,
1,
3,
4,
6,
9,
12,
15,
19,
23,
27,
31,
35,
39,
43,
48,
52,
55,
58,
61,
62,
64,
65,
66,
66,
66,
65,
64,
63,
62,
60,
58,
57,
55,
53,
52,
50,
49,
48,
47,
46,
46,
45,
45,
45,
45,
46,
46,
47,
47,
48,
48,
49,
49,
50,
50,
51,
51,
52,
52,
53,
53,
53,
53,
53,
53,
52,
52,
52,
51,
51,
51,
51,
50,
50,
50,
49,
49,
49,
49,
49,
49,
49,
49,
49,
49,
49,
49,
50,
50,
50,
50,
50,
50,
50,
50,
50,
50,
50,
50,
50,
50,
50,
50,
50,
50,
49,
49,
49,
49,
49,
49,
49,
49,
50,
50,
50,
50,
50,
50,
50,
50,
50,
50,
50,
50,
50,
50,
50,
50,
50,
49,
49,
49,
49,
49,
49,
49,
49,
49,
49,
49,
49,
50,
49,
49,
50,
50,
49,
49,
49,
49,
49,
49,
49,
49,
49,
49,
49,
49,
49,
49,
49,
49,
49,
49,
49,
49,
49,
49,
50,
49,
49,
49,
49,
49,
49,
49,
49,
49,
49,
49,
49,
49,
49,
49,
49,
49,
49,
49,
49,
50,
49,
50,
50,
50,
49,
49,
49,
49,
49,
49,
49,
49,
49,
49,
49,
49,
49,
49,
49,
49,
49,
49,
49,
49,
49,
49,
49,
49,
49,
49,
49,
49,
49,
49,
49,
49,
49,
49,
49,
49,
49,
49,
49,
49,
49,
49,
49,
49,
49,
49,
49,
49,
49,
49,
49,
49,
49,
49,
49,
49,
49,
49,
49,
49,
49,
49,
49,
49,
49,
49,
49,
49,
49,
49,
49,
49,
49,
49,
49,
49,
49,
49,
49,
49,
49,
49,
49,
49,
49,
49,
49,
49,
49,
49,
49,
49,
49,
49,
49,
49,
49,
49,
49,
49,
49,
49,
49,
49,
49,
49,
49,
49,
49,
49,
49,
49,
49,
49,
49,
49,
49,
49,
49,
49,
49,
49,
49,
49,
49,
49,
49,
49,
49,
49,
49,
49,
49,
49,
49,
49,
49,
49,
49,
49,
49,
49,
49,
49,
49,
49,
49,
49,
49,
49,
49,
49,
49,
49,
49,
49,
49,
49,
49,
49,
49,
49,
49,
49,
49,
49,
49,
49,
49,
49,
49,
49,
49,
49,
49,
49,
49,
49,
49,
49,
49,
49,
49,
49,
49,
49,
49,
49,
49,
49,
49,
49,
49,
49,
49,
49,
49,
49,
49,
49,
49,
49,
49,
49,
49,
49,
49,
49,
49,
49,
49,
49,
49,
49,
49,
49,
49,
49,
49,
49,
49,
49,
49,
49,
49,
49,
49,
49,
49,
49,
49,
49,
49,
49,
49,
49,
49,
49,
49,
49,
49,
49,
49,
49,
49,
49,
49,
49,
49,
49,
49,
49,
49,
49,
49,
49,
49,
49,
49,
49,
49,
49,
49,
49,
49,
49,
49,
49,
49,
49,
49,
49,
49,
49,
49,
49,
49,
49,
49,
49,
49,
49,
49,
49,
49,
49,
49,
49,
49,
49,
49,
49,
49,
49,
49,
49,
49,
49,
49,
49,
49,
49,
49,
49,
49,
49,
49,
49,
49,
49,
49,
49,
49,
49,
49,
49,
49,
49,
49,
49,
49,
49,
49,
49,
49,
49,
49,
49,
49,
49,
49,
49,
49,
49,
49,
49,
49,
49,
49,
49,
49,
49,
49,
49,
49,
49,
49,
49,
49,
49,
49,
49,
49,
49,
49,
49,
49,
49,
49,
49,
49,
49,
49,
49,
49,
49,
49,
49,
49,
49,
49,
49,
49,
49,
49,
49,
49,
49,
49,
49,
49,
49,
49,
49,
49,
49,
49,
49,
49,
49,
49,
49,
49,
49,
49,
49,
49,
49,
49,
49,
49,
49,
49,
49,
49,
49,
49,
49,
49,
49,
49,
49,
49,
48,
49,
49,
49,
49,
49,
49,
49,
49,
49,
49,
49,
49,
49,
49,
49,
49,
49,
49,
49,
49,
49,
49,
49,
49,
49,
49,
49,
49,
49,
49,
49,
48,
48,
49,
49,
49,
49,
49,
49,
49,
49,
49,
49,
49,
49,
49,
49,
48,
48,
48,
49,
49,
49,
49,
48,
48,
48,
48,
48,
48,
49,
49,
49,
49,
49,
49,
49,
49,
49,
49,
49,
49,
49,
49,
49,
49,
49,
49,
49,
48,
48,
49,
49,
48,
48,
49,
49,
49,
49,
49,
49,
49,
49,
49,
49,
49,
49,
49,
49,
49,
48,
49,
49,
49,
49,
48,
49,
49,
49,
49,
49,
49,
48,
49,
49,
48,
49,
49,
49,
49,
48,
49,
49,
48,
48,
49,
49,
49,
49,
49,
49,
49,
49,
49,
49,
49,
49,
49,
49,
48,
49,
49,
49,
48,
48,
49,
49,
49,
49,
49,
48,
49,
49,
49,
49,
48,
48,
48,
48,
48,
49,
49,
49,
49,
49,
49,
49,
48,
49,
49,
48,
48,
48,
48,
48,
49,
49,
49,
49,
49,
49,
49,
48,
48,
49,
49,
48,
49,
49,
48,
48,
48,
48,
49,
48,
49,
49,
49,
48,
48,
48,
48,
48,
48,
48,
48,
48,
48,
48,
48,
48,
48,
48,
48,
48,
48,
48,
48,
48,
47,
47,
47,
46,
45,
44,
42,
40,
38,
35,
32,
28,
24,
20,
16,
12,
7,
3,
-1,
-5,
-8,
-11,
-13,
-15,
-17,
-18,
-19,
-19,
-18,
-18,
-17,
-15,
-14,
-12,
-11,
-9,
-7,
-5,
-4,
-3,
-1,
-1,
0,
1,
2,
2,
2,
2,
2,
1,
1,
1,
0,
-1,
-1,
-2,
-2,
-3,
-3,
-4,
-4,
-5,
-5,
-5,
-6,
-6,
-6,
-6,
-6,
-5,
-5,
-5,
-4,
-4,
-3,
-3,
-3,
-3,
-3,
-3,
-2,
-2,
-2,
-2,
-2,
-2,
-2,
-2,
-3,
-3,
-3,
-3,
-3,
-3,
-3,
-3,
-4,
-3,
-3,
-4,
-3,
-3,
-3,
-3,
-3,
-3,
-3,
-3,
-3,
-3,
-3,
-3,
-3,
-3,
-3,
-3,
-3,
-3,
-3,
-3,
-3,
-3,
-3,
-3,
-3,
-3,
-3,
-3,
-3,
-3,
-3,
-3,
-3,
-3,
-3,
-3,
-3,
-3,
-3,
-3,
-3,
-3,
-3,
-3,
-3,
-3,
-3,
-3,
-3,
-3,
-3,
-3,
-3,
-3,
-3,
-3,
-3,
-3,
-3,
-3,
-3,
-3,
-3,
-3,
-3,
-3,
-3,
-3,
-3,
-3,
-3,
-3,
-3,
-3,
-3,
-3,
-3,
-3,
-3,
-3,
-3,
-2,
-2,
-2,
-2,
-2,
-2,
-2,
-2,
-3,
-3,
-3,
-3,
-3,
-3,
-3,
-3,
-3,
-3,
-3,
-3,
-3,
-3,
-3,
-3,
-2,
-2,
-2,
-2,
-2,
-2,
-2,
-2,
-2,
-2,
-2,
-2,
-2,
-2,
-2,
-2,
-2,
-2,
-2,
-3,
-3,
-2,
-3,
-3,
-2,
-2,
-2,
-2,
-2,
-2,
-2,
-2,
-2,
-2,
-2,
-2,
-2,
-2,
-2,
-2,
-2,
-2,
-2,
-2,
-2,
-2,
-2,
-2,
-2,
-2,
-2,
-2,
-2,
-2,
-2,
-2,
-2,
-2,
-2,
-2,
-2,
-2,
-2,
-2,
-2,
-2,
-2,
-2,
-2,
-2,
-2,
-2,
-2,
-2,
-2,
-2,
-2,
-2,
-2,
-2,
-2,
-2,
-2,
-2,
-2,
-2,
-2,
-2,
-2,
-2,
-2,
-2,
-2,
-2,
-2,
-2,
-2,
-2,
-2,
-2,
-2,
-2,
-2,
-2,
-2,
-2,
-2,
-2,
-2,
-2,
-2,
-2,
-2,
-2,
-2,
-2,
-2,
-2,
-2,
-2,
-2,
-2,
-2,
-2,
-2,
-2,
-2,
-2,
-2,
-2,
-2,
-2,
-2,
-2,
-2,
-2,
-2,
-2,
-2,
-2,
-2,
-2,
-2,
-2,
-2,
-2,
-2,
-2,
-2,
-2,
-2,
-2,
-2,
-2,
-2,
-2,
-2,
-2,
-2,
-2,
-2,
-2,
-2,
-2,
-2,
-2,
-2,
-2,
-2,
-2,
-2,
-2,
-2,
-2,
-2,
-2,
-2,
-2,
-2,
-2,
-2,
-2,
-2,
-2,
-2,
-2,
-2,
-2,
-2,
-2,
-2,
-2,
-2,
-2,
-2,
-2,
-2,
-2,
-2,
-2,
-2,
-2,
-2,
-2,
-2,
-2,
-2,
-2,
-2,
-2,
-2,
-2,
-2,
-2,
-2,
-2,
-2,
-2,
-2,
-2,
-2,
-2,
-2,
-2,
-2,
-2,
-2,
-2,
-2,
-2,
-2,
-2,
-2,
-2,
-2,
-2,
-2,
-2,
-2,
-2,
-2,
-2,
-2,
-2,
-2,
-2,
-2,
-2,
-2,
-2,
-2,
-2,
-2,
-2,
-2,
-2,
-2,
-2,
-2,
-2,
-2,
-2,
-2,
-2,
-2,
-2,
-2,
-2,
-2,
-2,
-2,
-2,
-2,
-2,
-2,
-2,
-2,
-2,
-2,
-2,
-2,
-2,
-2,
-2,
-2,
-2,
-2,
-2,
-2,
-2,
-2,
-2,
-2,
-2,
-2,
-2,
-2,
-2,
-2,
-2,
-2,
-2,
-2,
-2,
-2,
-2,
-2,
-2,
-2,
-2,
-2,
-2,
-2,
-2,
-2,
-2,
-2,
-2,
-2,
-2,
-2,
-2,
-2,
-2,
-2,
-2,
-2,
-2,
-2,
-2,
-2,
-2,
-2,
-2,
-2,
-2,
-2,
-2,
-2,
-2,
-2,
-2,
-2,
-2,
-2,
-2,
-2,
-2,
-2,
-2,
-2,
-2,
-2,
-2,
-2,
-2,
-2,
-2,
-2,
-2,
-2,
-2,
-2,
-2,
-2,
-2,
-2,
-2,
-2,
-2,
-2,
-2,
-2,
-2,
-2,
-2,
-2,
-2,
-2,
-2,
-2,
-2,
-2,
-2,
-2,
-2,
-2,
-2,
-2,
-2,
-2,
-2,
-2,
-2,
-2,
-2,
-2,
-2,
-2,
-2,
-2,
-2,
-2,
-2,
-2,
-2,
-2,
-2,
-2,
-2,
-2,
-2,
-2,
-2,
-2,
-2,
-2,
-2,
-2,
-2,
-2,
-2,
-2,
-2,
-2,
-2,
-2,
-2,
-2,
-2,
-2,
-2,
-2,
-2,
-2,
-2,
-2,
-2,
-2,
-2,
-2,
-2,
-2,
-2,
-2,
-2,
-2,
-2,
-2,
-2,
-2,
-2,
-2,
-2,
-2,
-2,
-2,
-2,
-2,
-2,
-2,
-2,
-2,
-2,
-2,
-2,
-2,
-2,
-2,
-2,
-2,
-2,
-2,
-2,
-2,
-2,
-2,
-2,
-2,
-2,
-2,
-2,
-2,
-2,
-2,
-2,
-2,
-2,
-2,
-2,
-2,
-2,
-2,
-2,
-2,
-2,
-2,
-2,
-2,
-2,
-2,
-2,
-2,
-2,
-2,
-2,
-2,
-2,
-2,
-2,
-2,
-1,
-2,
-2,
-2,
-2,
-2,
-2,
-2,
-2,
-2,
-2,
-2,
-2,
-2,
-2,
-2,
-2,
-2,
-2,
-1,
-2,
-2,
-2,
-2,
-1,
-1,
-2,
-2,
-2,
-2,
-1,
-2,
-2,
-2,
-2,
-2,
-2,
-1,
-1,
-2,
-2,
-2,
-2,
-2,
-2,
-2,
-2,
-1,
-2,
-1,
-2,
-2,
-1,
-2,
-2,
-2,
-2,
-2,
-2,
-1,
-1,
-1,
-1,
-2,
-2,
-2,
-2,
-2,
-2,
-2,
-2,
-2,
-2,
-2,
-1,
-2,
-2,
-2,
-1,
-1,
-1,
-2,
-2,
-1,
-1,
-1,
-1,
-1,
-2,
-2,
-1,
-2,
-2,
-2,
-2,
-2,
-2,
-2,
-1,
-1,
-1,
-1,
-1,
-1,
-1,
-1,
-1,
-1,
-1,
-1,
-1,
-1,
-1,
-1,
-1,
-1,
-1,
-1,
-1,
0,
0,
0,
1,
2,
3,
5,
7,
10,
13,
17,
20,
25,
29,
33,
37,
41,
45,
49,
53,
56,
59,
61,
63,
65,
66,
66,
66,
66,
65,
64,
62,
61,
59,
58,
56,
54,
52,
51,
50,
48,
47,
47,
46,
45,
45,
45,
45,
45,
46,
46,
47,
47,
48,
48,
49,
50,
50,
51,
51,
52,
52,
53,
53,
53,
53,
53,
53,
52,
52,
52,
52,
51,
51,
51,
50,
50,
50,
49,
49,
49,
49,
49,
49,
49,
49,
49,
49,
49,
49,
50,
50,
50,
50,
50,
50,
50,
50,
50,
50,
50,
50,
50,
50,
50,
50,
50,
50,
49,
49,
49,
49,
49,
49,
49,
49,
50,
50,
50,
50,
50,
50,
50,
50,
50,
50,
50,
50,
50,
50,
50,
50,
49,
49,
49,
49,
49,
49,
49,
49,
49,
49,
49,
49,
49,
49,
49,
49,
49,
49,
49,
49,
49,
49,
49,
49,
49,
49,
49,
49,
49,
49,
49,
49,
49,
49,
49,
49,
49,
49,
49,
49,
49,
49,
49,
49,
49,
49,
49,
49,
49,
49,
49,
49,
49,
49,
49,
49,
49,
49,
49,
49,
49,
49,
49,
49,
50,
50,
50,
50,
49,
49,
49,
49,
49,
49,
49,
49,
49,
49,
49,
49,
49,
49,
49,
49,
49,
49,
49,
49,
49,
49,
49,
49,
49,
49,
49,
49,
49,
49,
49,
49,
49,
49,
49,
49,
49,
49,
49,
49,
49,
49,
49,
49,
49,
49,
49,
49,
49,
49,
49,
49,
49,
49,
49,
49,
49,
49,
49,
49,
49,
49,
49,
49,
49,
49,
49,
49,
49,
49,
49,
49,
49,
49,
49,
49,
49,
49,
49,
49,
49,
49,
49,
49,
49,
49,
49,
49,
49,
49,
49,
49,
49,
49,
49,
49,
49,
49,
49,
49,
49,
49,
49,
49,
49,
49,
49,
49,
49,
49,
49,
49,
49,
49,
49,
49,
49,
49,
49,
49,
49,
49,
49,
49,
49,
49,
49,
49,
49,
49,
49,
49,
49,
49,
49,
49,
49,
49,
49,
49,
49,
49,
49,
49,
49,
49,
49,
49,
49,
49,
49,
49,
49,
49,
49,
49,
49,
49,
49,
49,
49,
49,
49,
49,
49,
49,
49,
49,
49,
49,
49,
49,
49,
49,
49,
49,
49,
49,
49,
49,
49,
49,
49,
49,
49,
49,
49,
49,
49,
49,
49,
49,
49,
49,
49,
49,
49,
49,
49,
49,
49,
49,
49,
49,
49,
49,
49,
49,
49,
49,
49,
49,
49,
49,
49,
49,
49,
49,
49,
49,
49,
49,
49,
49,
49,
49,
49,
49,
49,
49,
49,
49,
49,
49,
49,
49,
49,
49,
49,
49,
49,
49,
49,
49,
49,
49,
49,
49,
49,
49,
49,
49,
49,
49,
49,
49,
48,
49,
49,
49,
49,
49,
49,
49,
49,
49,
49,
49,
49,
49,
49,
49,
49,
49,
49,
49,
49,
49,
49,
49,
49,
49,
49,
49,
49,
49,
49,
49,
49,
49,
49,
49,
49,
49,
49,
49,
49,
49,
49,
49,
49,
49,
49,
49,
49,
49,
49,
49,
49,
49,
49,
49,
49,
49,
49,
49,
49,
49,
49,
49,
49,
49,
49,
49,
49,
49,
49,
49,
49,
49,
49,
49,
49,
49,
49,
49,
48,
49,
49,
49,
49,
49,
49,
49,
49,
49,
49,
49,
49,
49,
49,
49,
49,
49,
49,
49,
49,
49,
49,
49,
49,
49,
49,
49,
49,
49,
49,
49,
49,
49,
49,
49,
49,
49,
49,
49,
49,
49,
49,
49,
49,
49,
49,
49,
49,
49,
49,
49,
49,
49,
49,
49,
49,
49,
49,
49,
49,
49,
49,
49,
49,
49,
49,
49,
49,
49,
49,
49,
49,
49,
49,
49,
48,
49,
49,
49,
49,
49,
49,
49,
49,
49,
49,
49,
49,
48,
49,
49,
49,
49,
49,
49,
49,
49,
49,
49,
49,
49,
49,
49,
49,
49,
49,
49,
49,
49,
48,
49,
49,
49,
49,
49,
49,
49,
49,
49,
48,
48,
49,
49,
48,
48,
49,
48,
48,
48,
48,
49,
49,
49,
49,
48,
48,
48,
49,
49,
49,
49,
49,
49,
49,
49,
48,
49,
49,
49,
49,
49,
48,
49,
49,
49,
49,
49,
49,
49,
48,
48,
49,
49,
49,
48,
49,
48,
48,
49,
49,
49,
49,
48,
49,
49,
49,
49,
49,
49,
49,
49,
48,
49,
49,
49,
49,
49,
48,
48,
49,
49,
49,
49,
49,
49,
48,
48,
49,
49,
49,
49,
49,
49,
49,
49,
49,
49,
49,
48,
48,
48,
48,
49,
49,
49,
48,
49,
49,
49,
49,
49,
49,
49,
49,
48,
48,
48,
49,
48,
48,
48,
48,
48,
48,
49,
48,
49,
49,
49,
48,
49,
49,
49,
48,
49,
49,
49,
49,
49,
49,
48,
48,
48,
48,
48,
48,
48,
49,
49,
48,
48,
49,
49,
49,
48,
49,
49,
48,
48,
48,
48,
48,
48,
48,
48,
48,
49,
48,
48,
48,
48,
48,
48,
48,
48,
48,
48,
48,
48,
48,
48,
48,
48,
48,
48,
47,
47,
46,
46,
44,
43,
41,
39,
36,
33,
30,
26,
22,
18,
14,
9,
5,
1,
-3,
-6,
-9,
-12,
-14,
-16,
-18,
-18,
-19,
-19,
-18,
-17,
-16,
-15,
-13,
-12,
-10,
-8,
-6,
-5,
-3,
-2,
-1,
0,
1,
1,
2,
2,
2,
2,
2,
1,
1,
0,
0,
-1,
-2,
-2,
-2,
-3,
-4,
-4,
-5,
-5,
-5,
-5,
-6,
-6,
-6,
-6,
-6,
-5,
-5,
-4,
-4,
-4,
-3,
-3,
-3,
-3,
-3,
-2,
-2,
-2,
-2,
-2,
-2,
-2,
-2,
-2,
-3,
-3,
-3,
-3,
-3,
-3,
-3,
-3,
-4,
-4,
-4,
-3,
-3,
-3,
-3,
-3,
-3,
-3,
-3,
-3,
-3,
-3,
-3,
-3,
-3,
-3,
-3,
-3,
-3,
-3,
-3,
-3,
-3,
-3,
-3,
-3,
-3,
-3,
-3,
-3,
-3,
-3,
-3,
-3,
-3,
-3,
-3,
-3,
-3,
-3,
-3,
-3,
-3,
-3,
-3,
-3,
-3,
-3,
-3,
-3,
-3,
-3,
-3,
-3,
-3,
-3,
-3,
-3,
-3,
-3,
-3,
-3,
-3,
-3,
-3,
-3,
-3,
-3,
-3,
-3,
-3,
-3,
-3,
-3,
-3,
-3,
-3,
-3,
-3,
-3,
-2,
-2,
-2,
-2,
-2,
-2,
-2,
-2,
-2,
-2,
-3,
-3,
-3,
-3,
-3,
-3,
-3,
-3,
-3,
-3,
-3,
-3,
-3,
-3,
-3,
-2,
-2,
-2,
-2,
-2,
-2,
-2,
-2,
-2,
-2,
-2,
-2,
-2,
-2,
-2,
-2,
-2,
-2,
-2,
-2,
-2,
-3,
-3,
-3,
-3,
-3,
-3,
-2,
-2,
-2,
-2,
-2,
-2,
-2,
-2,
-2,
-2,
-2,
-2,
-2,
-2,
-2,
-2,
-2,
-2,
-2,
-2,
-2,
-2,
-2,
-2,
-2,
-2,
-2,
-2,
-2,
-2,
-2,
-2,
-2,
-2,
-2,
-2,
-2,
-2,
-2,
-2,
-2,
-2,
-2,
-2,
-2,
-2,
-2,
-2,
-2,
-2,
-2,
-2,
-2,
-2,
-2,
-2,
-2,
-2,
-2,
-2,
-2,
-2,
-2,
-2,
-2,
-2,
-2,
-2,
-2,
-2,
-2,
-2,
-2,
-2,
-2,
-2,
-2,
-2,
-2,
-2,
-2,
-2,
-2,
-2,
-2,
-2,
-2,
-2,
-2,
-2,
-2,
-2,
-2,
-2,
-2,
-2,
-2,
-2,
-2,
-2,
-2,
-2,
-2,
-2,
-2,
-2,
-2,
-2,
-2,
-2,
-2,
-2,
-2,
-2,
-2,
-2,
-2,
-2,
-2,
-2,
-2,
-2,
-2,
-2,
-2,
-2,
-2,
-2,
-2,
-2,
-2,
-2,
-2,
-2,
-2,
-2,
-2,
-2,
-2,
-2,
-2,
-2,
-2,
-2,
-2,
-2,
-2,
-2,
-2,
-2,
-2,
-2,
-2,
-2,
-2,
-2,
-2,
-2,
-2,
-2,
-2,
-2,
-2,
-2,
-2,
-2,
-2,
-2,
-2,
-2,
-2,
-2,
-2,
-2,
-2,
-2,
-2,
-2,
-2,
-2,
-2,
-2,
-2,
-2,
-2,
-2,
-2,
-2,
-2,
-2,
-2,
-2,
-2,
-2,
-2,
-2,
-2,
-2,
-2,
-2,
-2,
-2,
-2,
-2,
-2,
-2,
-2,
-2,
-2,
-2,
-2,
-2,
-2,
-2,
-2,
-2,
-2,
-2,
-2,
-2,
-2,
-2,
-2,
-2,
-2,
-2,
-2,
-2,
-2,
-2,
-2,
-2,
-2,
-2,
-2,
-2,
-2,
-2,
-2,
-2,
-2,
-2,
-2,
-2,
-2,
-2,
-2,
-2,
-2,
-2,
-2,
-2,
-2,
-2,
-2,
-2,
-2,
-2,
-2,
-2,
-2,
-2,
-2,
-2,
-2,
-2,
-2,
-2,
-2,
-2,
-2,
-2,
-2,
-2,
-2,
-2,
-2,
-2,
-2,
-2,
-2,
-2,
-2,
-2,
-2,
-2,
-2,
-2,
-2,
-2,
-2,
-2,
-2,
-2,
-2,
-2,
-2,
-2,
-2,
-2,
-2,
-2,
-2,
-2,
-2,
-2,
-2,
-2,
-2,
-2,
-2,
-2,
-2,
-2,
-2,
-2,
-2,
-2,
-2,
-2,
-2,
-2,
-2,
-2,
-2,
-2,
-2,
-2,
-2,
-2,
-2,
-2,
-2,
-2,
-2,
-2,
-2,
-2,
-2,
-2,
-2,
-2,
-2,
-2,
-2,
-2,
-2,
-2,
-2,
-2,
-2,
-2,
-2,
-2,
-2,
-2,
-2,
-2,
-2,
-2,
-2,
-2,
-2,
-2,
-2,
-2,
-2,
-2,
-2,
-2,
-2,
-2,
-2,
-2,
-2,
-2,
-2,
-2,
-2,
-2,
-2,
-2,
-2,
-2,
-2,
-2,
-2,
-2,
-2,
-2,
-2,
-2,
-2,
-2,
-2,
-2,
-2,
-2,
-2,
-2,
-2,
-2,
-2,
-2,
-2,
-2,
-2,
-2,
-2,
-2,
-2,
-2,
-2,
-2,
-2,
-2,
-2,
-2,
-2,
-2,
-2,
-2,
-2,
-2,
-2,
-2,
-2,
-2,
-2,
-2,
-2,
-2,
-2,
-2,
-2,
-2,
-2,
-2,
-2,
-2,
-2,
-2,
-2,
-2,
-2,
-2,
-2,
-2,
-2,
-2,
-2,
-2,
-2,
-2,
-2,
-2,
-2,
-2,
-2,
-2,
-2,
-2,
-2,
-2,
-2,
-2,
-2,
-2,
-2,
-2,
-2,
-2,
-2,
-2,
-2,
-1,
-2,
-2,
-2,
-2,
-2,
-2,
-2,
-2,
-2,
-2,
-2,
-2,
-2,
-2,
-2,
-2,
-2,
-2,
-2,
-2,
-2,
-2,
-2,
-2,
-2,
-2,
-2,
-2,
-2,
-2,
-2,
-2,
-2,
-2,
-2,
-2,
-2,
-2,
-2,
-2,
-2,
-2,
-2,
-2,
-2,
-2,
-2,
-2,
-2,
-2,
-2,
-2,
-2,
-2,
-2,
-2,
-2,
-2,
-2,
-2,
-2,
-2,
-2,
-2,
-2,
-1,
-2,
-2,
-2,
-2,
-2,
-2,
-2,
-2,
-2,
-2,
-2,
-2,
-2,
-2,
-2,
-2,
-2,
-2,
-2,
-2,
-2,
-2,
-1,
-2,
-2,
-2,
-2,
-2,
-2,
-2,
-2,
-2,
-2,
-2,
-2,
-1,
-1,
-1,
-2,
-2,
-1,
-2,
-2,
-1,
-1,
-1,
-1,
-1,
-1,
-1,
-1,
-1,
-1,
-1,
-1,
-1,
-1,
-1,
-1,
-1,
-1,
-1,
-1,
0,
0,
0,
1,
2,
4,
6,
9,
12,
15,
18,
22,
26,
31,
35,
39,
43,
47,
51,
55,
58,
60,
62,
64,
65,
66,
66,
66,
65,
64,
63,
62,
60,
58,
57,
55,
53,
51,
50,
49,
48,
47,
46,
45,
45,
45,
45,
45,
46,
46,
47,
47,
48,
48,
49,
49,
50,
50,
51,
52,
52,
52,
53,
53,
53,
53,
53,
53,
52,
52,
52,
51,
51,
51,
51,
50,
50,
49,
49,
49,
49,
49,
49,
49,
49,
49,
49,
49,
49,
49,
50,
50,
50,
50,
50,
50,
50,
50,
50,
50,
50,
50,
50,
50,
50,
50,
50,
50,
49,
49,
49,
49,
49,
49,
49,
49,
50,
50,
50,
50,
50,
50,
50,
50,
50,
50,
50,
50,
50,
50,
50,
50,
49,
49,
49,
49,
49,
49,
49,
49,
49,
49,
49,
49,
49,
49,
49,
50,
49,
49,
49,
49,
49,
49,
49,
49,
49,
49,
49,
49,
49,
49,
49,
49,
49,
49,
49,
49,
49,
49,
49,
49,
49,
49,
49,
49,
49,
49,
49,
49,
49,
49,
49,
49,
49,
49,
49,
49,
49,
49,
49,
49,
49,
49,
49,
50,
50,
49,
49,
49,
49,
49,
49,
49,
49,
49,
49,
49,
49,
49,
49,
49,
49,
49,
49,
49,
49,
49,
49,
49,
49,
49,
49,
49,
49,
49,
49,
49,
49,
49,
49,
49,
49,
49,
49,
49,
49,
49,
49,
49,
49,
49,
49,
49,
49,
49,
49,
49,
49,
49,
49,
49,
49,
49,
49,
49,
49,
49,
49,
49,
49,
49,
49,
49,
49,
49,
49,
49,
49,
49,
49,
49,
49,
49,
49,
49,
49,
49,
49,
49,
49,
49,
49,
49,
49,
49,
49,
49,
49,
49,
49,
49,
49,
49,
49,
49,
49,
49,
49,
49,
49,
49,
49,
49,
49,
49,
49,
49,
49,
49,
49,
49,
49,
49,
49,
49,
49,
49,
49,
49,
49,
49,
49,
49,
49,
49,
49,
49,
49,
49,
49,
49,
49,
49,
49,
49,
49,
49,
49,
49,
49,
49,
49,
49,
49,
49,
49,
49,
49,
49,
49,
49,
49,
49,
49,
49,
49,
49,
49,
49,
49,
49,
49,
49,
49,
49,
49,
49,
49,
49,
49,
49,
49,
49,
49,
49,
49,
49,
49,
49,
49,
49,
49,
49,
49,
49,
49,
49,
49,
49,
49,
49,
49,
49,
49,
49,
49,
49,
49,
49,
49,
49,
49,
49,
49,
49,
49,
49,
49,
49,
49,
49,
49,
49,
49,
49,
49,
49,
49,
49,
49,
49,
49,
49,
49,
49,
49,
49,
49,
49,
49,
49,
49,
49,
49,
49,
49,
49,
49,
49,
49,
49,
49,
49,
49,
49,
49,
49,
49,
49,
49,
49,
49,
49,
49,
49,
49,
49,
49,
49,
49,
49,
49,
49,
49,
49,
49,
49,
49,
49,
49,
49,
49,
49,
49,
49,
49,
49,
49,
49,
49,
49,
49,
49,
49,
49,
49,
49,
49,
49,
49,
49,
49,
49,
49,
49,
49,
49,
49,
49,
48,
49,
49,
49,
49,
49,
49,
49,
49,
49,
48,
49,
49,
49,
49,
49,
49,
49,
49,
49,
49,
49,
49,
49,
49,
49,
49,
49,
49,
49,
49,
49,
49,
48,
49,
49,
49,
49,
49,
49,
49,
49,
49,
49,
49,
49,
49,
49,
49,
49,
49,
49,
49,
49,
48,
49,
49,
49,
49,
49,
49,
49,
49,
49,
49,
49,
49,
49,
49,
49,
49,
49,
49,
49,
49,
49,
49,
49,
49,
49,
49,
49,
48,
48,
49,
49,
48,
49,
49,
49,
49,
49,
49,
49,
49,
49,
49,
49,
49,
49,
49,
49,
49,
49,
49,
49,
49,
49,
49,
49,
48,
49,
49,
49,
49,
49,
49,
48,
49,
49,
49,
49,
49,
49,
49,
49,
49,
49,
49,
48,
49,
49,
49,
49,
49,
49,
49,
49,
49,
49,
49,
49,
49,
49,
49,
49,
49,
49,
49,
49,
49,
49,
49,
49,
48,
48,
49,
49,
48,
48,
48,
48,
48,
49,
49,
48,
49,
49,
49,
48,
48,
48,
49,
49,
49,
49,
49,
49,
49,
49,
49,
49,
49,
49,
48,
49,
48,
49,
48,
49,
48,
48,
48,
49,
48,
49,
48,
48,
49,
48,
48,
48,
49,
49,
49,
48,
48,
48,
48,
49,
48,
49,
49,
49,
49,
49,
49,
48,
49,
49,
49,
49,
49,
48,
49,
49,
49,
49,
49,
48,
48,
49,
49,
48,
49,
49,
49,
48,
48,
49,
49,
49,
48,
48,
49,
48,
48,
48,
49,
49,
49,
49,
49,
49,
48,
48,
49,
49,
49,
48,
49,
49,
48,
49,
49,
49,
49,
49,
49,
48,
48,
48,
48,
48,
48,
49,
48,
48,
48,
49,
48,
49,
49,
49,
49,
49,
48,
49,
49,
48,
48,
48,
48,
49,
49,
49,
49,
48,
48,
48,
48,
48,
48,
49,
49,
48,
48,
48,
48,
49,
48,
49,
49,
48,
48,
48,
49,
48,
48,
48,
48,
48,
48,
48,
48,
48,
48,
48,
48,
48,
48,
47,
47,
47,
46,
45,
44,
42,
40,
37,
35,
31,
28,
24,
20,
16,
11,
7,
3,
-1,
-5,
-8,
-11,
-13,
-16,
-17,
-18,
-19,
-19,
-19,
-18,
-17,
-15,
-14,
-12,
-11,
-9,
-7,
-5,
-4,
-3,
-1,
0,
0,
1,
2,
2,
2,
2,
2,
1,
1,
1,
0,
-1,
-1,
-2,
-2,
-3,
-3,
-4,
-4,
-5,
-5,
-5,
-6,
-6,
-6,
-6,
-6,
-5,
-5,
-5,
-4,
-4,
-4,
-3,
-3,
-3,
-3,
-3,
-2,
-2,
-2,
-2,
-2,
-2,
-2,
-2,
-3,
-3,
-3,
-3,
-3,
-3,
-3,
-3,
-3,
-3,
-4,
-4,
-3,
-3,
-3,
-3,
-3,
-3,
-3,
-3,
-3,
-3,
-3,
-3,
-3,
-3,
-3,
-3,
-3,
-3,
-3,
-3,
-3,
-3,
-3,
-3,
-3,
-3,
-3,
-3,
-3,
-3,
-3,
-3,
-3,
-3,
-3,
-3,
-3,
-3,
-3,
-3,
-3,
-3,
-3,
-3,
-3,
-3,
-3,
-3,
-3,
-3,
-3,
-3,
-3,
-3,
-3,
-3,
-3,
-3,
-3,
-3,
-3,
-3,
-3,
-3,
-3,
-3,
-3,
-3,
-3,
-3,
-3,
-3,
-3,
-3,
-3,
-3,
-3,
-3,
-3,
-3,
-2,
-2,
-2,
-2,
-2,
-2,
-2,
-3,
-3,
-3,
-3,
-3,
-3,
-3,
-3,
-3,
-3,
-3,
-3,
-3,
-3,
-3,
-3,
-3,
-3,
-2,
-2,
-2,
-2,
-2,
-2,
-2,
-2,
-2,
-2,
-2,
-2,
-2,
-2,
-2,
-2,
-2,
-2,
-3,
-3,
-2,
-3,
-3,
-2,
-2,
-2,
-2,
-2,
-2,
-2,
-2,
-2,
-2,
-2,
-2,
-2,
-2,
-2,
-2,
-2,
-2,
-2,
-2,
-2,
-2,
-2,
-2,
-2,
-2,
-2,
-2,
-2,
-2,
-2,
-2,
-2,
-2,
-2,
-2,
-2,
-2,
-2,
-2,
-2,
-2,
-2,
-2,
-2,
-2,
-2,
-2,
-2,
-2,
-2,
-2,
-2,
-2,
-2,
-2,
-2,
-2,
-2,
-2,
-2,
-2,
-2,
-2,
-2,
-2,
-2,
-2,
-2,
-2,
-2,
-2,
-2,
-2,
-2,
-2,
-2,
-2,
-2,
-2,
-2,
-2,
-2,
-2,
-2,
-2,
-2,
-2,
-2,
-2,
-2,
-2,
-2,
-2,
-2,
-2,
-2,
-2,
-2,
-2,
-2,
-2,
-2,
-2,
-2,
-2,
-2,
-2,
-2,
-2,
-2,
-2,
-2,
-2,
-2,
-2,
-2,
-2,
-2,
-2,
-2,
-2,
-2,
-2,
-2,
-2,
-2,
-2,
-2,
-2,
-2,
-2,
-2,
-2,
-2,
-2,
-2,
-2,
-2,
-2,
-2,
-2,
-2,
-2,
-2,
-2,
-2,
-2,
-2,
-2,
-2,
-2,
-2,
-2,
-2,
-2,
-2,
-2,
-2,
-2,
-2,
-2,
-2,
-2,
-2,
-2,
-2,
-2,
-2,
-2,
-2,
-2,
-2,
-2,
-2,
-2,
-2,
-2,
-2,
-2,
-2,
-2,
-2,
-2,
-2,
-2,
-2,
-2,
-2,
-2,
-2,
-2,
-2,
-2,
-2,
-2,
-2,
-2,
-2,
-2,
-2,
-2,
-2,
-2,
-2,
-2,
-2,
-2,
-2,
-2,
-2,
-2,
-2,
-2,
-2,
-2,
-2,
-2,
-2,
-2,
-2,
-2,
-2,
-2,
-2,
-2,
-2,
-2,
-2,
-2,
-2,
-2,
-2,
-2,
-2,
-2,
-2,
-2,
-2,
-2,
-2,
-2,
-2,
-2,
-2,
-2,
-2,
-2,
-2,
-2,
-2,
-2,
-2,
-2,
-2,
-2,
-2,
-2,
-2,
-2,
-2,
-2,
-2,
-2,
-2,
-2,
-2,
-2,
-2,
-2,
-2,
-2,
-2,
-2,
-2,
-2,
-2,
-2,
-2,
-2,
-2,
-2,
-2,
-2,
-2,
-2,
-2,
-2,
-2,
-2,
-2,
-2,
-2,
-2,
-2,
-2,
-2,
-2,
-2,
-2,
-2,
-2,
-2,
-2,
-2,
-2,
-2,
-2,
-2,
-2,
-2,
-2,
-2,
-2,
-2,
-2,
-2,
-2,
-2,
-2,
-2,
-2,
-2,
-2,
-2,
-2,
-2,
-2,
-2,
-2,
-2,
-2,
-2,
-2,
-2,
-2,
-2,
-2,
-2,
-2,
-2,
-2,
-2,
-2,
-2,
-2,
-2,
-2,
-2,
-2,
-2,
-2,
-2,
-2,
-2,
-2,
-2,
-2,
-2,
-2,
-2,
-2,
-2,
-2,
-2,
-2,
-2,
-2,
-2,
-2,
-2,
-2,
-2,
-2,
-2,
-2,
-2,
-2,
-2,
-2,
-2,
-2,
-2,
-2,
-2,
-2,
-2,
-2,
-2,
-2,
-2,
-2,
-2,
-2,
-2,
-2,
-2,
-2,
-2,
-2,
-2,
-2,
-2,
-2,
-2,
-2,
-2,
-2,
-2,
-2,
-2,
-2,
-2,
-2,
-2,
-2,
-2,
-2,
-2,
-2,
-2,
-2,
-2,
-2,
-2,
-2,
-2,
-2,
-2,
-2,
-2,
-1,
-2,
-2,
-2,
-2,
-2,
-2,
-2,
-2,
-2,
-2,
-2,
-2,
-2,
-2,
-2,
-2,
-2,
-2,
-2,
-2,
-2,
-2,
-2,
-2,
-2,
-2,
-2,
-2,
-2,
-2,
-2,
-2,
-2,
-2,
-2,
-2,
-2,
-2,
-2,
-2,
-2,
-2,
-2,
-2,
-2,
-1,
-2,
-2,
-2,
-2,
-2,
-2,
-2,
-2,
-2,
-2,
-2,
-2,
-2,
-2,
-2,
-2,
-2,
-2,
-2,
-2,
-2,
-2,
-2,
-2,
-2,
-2,
-2,
-2,
-1,
-2,
-2,
-2,
-2,
-2,
-2,
-2,
-1,
-2,
-2,
-2,
-2,
-2,
-1,
-2,
-2,
-2,
-2,
-2,
-2,
-2,
-2,
-2,
-2,
-2,
-2,
-2,
-2,
-2,
-2,
-2,
-2,
-1,
-2,
-2,
-2,
-2,
-1,
-2,
-2,
-1,
-2,
-2,
-2,
-2,
-1,
-2,
-2,
-2,
-2,
-2,
-2,
-2,
-2,
-2,
-2,
-2,
-2,
-2,
-2,
-2,
-1,
-2,
-1,
-1,
-2,
-1,
-1,
-2,
-2,
-1,
-2,
-1,
-2,
-2,
-1,
-2,
-1,
-2,
-2,
-2,
-2,
-2,
-1,
-1,
-1,
-1,
-1,
-1,
-1,
-1,
-1,
-1,
-1,
-1,
-1,
-1,
-1,
-1,
-1,
-1,
0,
0,
1,
2,
3,
5,
8,
10,
13,
17,
21,
25,
29,
33,
37,
41,
45,
50,
53,
57,
59,
62,
64,
65,
66,
66,
66,
66,
65,
64,
62,
61,
59,
57,
56,
54,
52,
51,
49,
48,
47,
46,
46,
45,
45,
45,
45,
45,
46,
46,
47,
47,
48,
48,
49,
50,
50,
51,
51,
52,
52,
52,
53,
53,
53,
53,
53,
52,
52,
52,
51,
51,
51,
51,
50,
50,
50,
49,
49,
49,
49,
49,
49,
49,
49,
49,
49,
49,
49,
50,
50,
50,
50,
50,
50,
50,
50,
50,
50,
50,
50,
50,
50,
50,
50,
50,
49,
49,
49,
49,
49,
49,
49,
49,
49,
49,
50,
50,
50,
50,
50,
50,
50,
50,
50,
50,
50,
50,
50,
50,
49,
49,
49,
49,
49,
49,
49,
49,
49,
49,
49,
49,
49,
49,
49,
49,
49,
49,
49,
49,
49,
49,
49,
49,
49,
49,
49,
49,
49,
49,
49,
49,
49,
49,
49,
49,
49,
49,
49,
49,
49,
49,
49,
49,
49,
49,
49,
49,
49,
49,
49,
49,
49,
49,
49,
49,
49,
49,
49,
49,
49,
49,
49,
49,
49,
49,
50,
49,
49,
49,
49,
49,
49,
49,
49,
49,
49,
49,
49,
49,
49,
49,
49,
49,
49,
49,
49,
49,
49,
49,
49,
49,
49,
49,
49,
49,
49,
49,
49,
49,
49,
49,
49,
49,
49,
49,
49,
49,
49,
49,
49,
49,
49,
49,
49,
49,
49,
49,
49,
49,
49,
49,
49,
49,
49,
49,
49,
49,
49,
49,
49,
49,
49,
49,
49,
49,
49,
49,
49,
49,
49,
49,
49,
49,
49,
49,
49,
49,
49,
49,
49,
49,
49,
49,
49,
49,
49,
49,
49,
49,
49,
49,
49,
49,
49,
49,
49,
49,
49,
49,
49,
49,
49,
49,
49,
49,
49,
49,
49,
49,
49,
49,
49,
49,
49,
49,
49,
49,
49,
49,
49,
49,
49,
49,
49,
49,
49,
49,
49,
49,
49,
49,
49,
49,
49,
49,
49,
49,
49,
49,
49,
49,
49,
49,
49,
49,
49,
49,
49,
49,
49,
49,
49,
49,
49,
49,
49,
49,
49,
49,
49,
49,
49,
49,
49,
49,
49,
49,
49,
49,
49,
49,
49,
49,
49,
49,
49,
49,
49,
49,
49,
49,
49,
49,
49,
49,
49,
49,
49,
49,
49,
49,
49,
49,
49,
49,
49,
49,
49,
49,
49,
49,
49,
49,
49,
49,
49,
49,
49,
49,
49,
49,
49,
49,
49,
49,
49,
49,
49,
49,
49,
49,
49,
49,
49,
49,
49,
49,
49,
49,
49,
49,
49,
49,
49,
49,
49,
49,
49,
49,
49,
49,
49,
49,
49,
49,
49,
49,
49,
49,
49,
49,
48,
49,
49,
49,
49,
49,
48,
49,
49,
49,
49,
49,
49,
49,
49,
49,
49,
49,
49,
49,
49,
49,
49,
49,
49,
49,
49,
49,
49,
49,
49,
49,
49,
49,
49,
49,
49,
49,
49,
49,
49,
49,
49,
49,
49,
49,
48,
49,
49,
49,
49,
49,
49,
49,
49,
48,
49,
49,
49,
49,
49,
49,
49,
49,
49,
49,
49,
49,
49,
49,
49,
49,
49,
49,
49,
49,
49,
49,
49,
49,
49,
49,
49,
49,
49,
49,
49,
49,
49,
49,
49,
49,
49,
49,
49,
49,
49,
49,
49,
49,
49,
49,
49,
49,
48,
48,
49,
49,
49,
49,
49,
49,
49,
49,
49,
49,
49,
49,
49,
49,
49,
49,
49,
49,
49,
49,
49,
49,
49,
49,
48,
48,
49,
49,
49,
49,
49,
49,
49,
48,
49,
49,
49,
49,
49,
49,
49,
49,
49,
49,
49,
49,
49,
49,
49,
49,
49,
49,
49,
49,
49,
49,
49,
49,
49,
49,
49,
49,
49,
49,
49,
49,
49,
49,
49,
49,
49,
49,
49,
49,
49,
49,
49,
49,
48,
49,
49,
49,
49,
49,
48,
49,
49,
49,
49,
49,
49,
49,
49,
49,
49,
48,
49,
48,
48,
49,
49,
48,
49,
49,
48,
49,
49,
49,
48,
49,
49,
49,
49,
49,
48,
49,
49,
49,
49,
49,
49,
49,
49,
49,
49,
49,
49,
49,
49,
48,
48,
49,
48,
49,
49,
49,
49,
49,
49,
49,
48,
48,
49,
49,
48,
48,
49,
49,
49,
49,
49,
49,
49,
49,
49,
49,
49,
49,
49,
48,
48,
48,
49,
49,
49,
49,
48,
49,
49,
49,
49,
49,
49,
48,
49,
49,
48,
49,
48,
48,
48,
48,
49,
48,
48,
48,
49,
48,
48,
49,
49,
49,
48,
48,
48,
49,
48,
48,
49,
49,
48,
49,
49,
48,
49,
49,
49,
48,
48,
48,
48,
49,
49,
49,
49,
49,
49,
49,
49,
49,
49,
48,
48,
49,
48,
48,
49,
49,
49,
49,
49,
48,
48,
48,
49,
48,
48,
48,
48,
48,
48,
49,
49,
48,
49,
49,
49,
49,
48,
49,
49,
48,
48,
48,
48,
49,
48,
48,
48,
48,
48,
48,
48,
48,
48,
48,
48,
48,
48,
48,
48,
48,
48,
47,
47,
46,
45,
44,
43,
41,
39,
36,
33,
29,
25,
21,
17,
13,
9,
4,
1,
-3,
-7,
-10,
-12,
-15,
-17,
-18,
-19,
-19,
-19,
-18,
-17,
-16,
-14,
-13,
-11,
-9,
-8,
-6,
-4,
-3,
-2,
-1,
0,
1,
2,
2,
2,
2,
2,
2,
1,
1,
0,
0,
-1,
-2,
-2,
-2,
-3,
-4,
-4,
-5,
-5,
-5,
-6,
-6,
-6,
-6,
-6,
-6,
-5,
-5,
-4,
-4,
-4,
-3,
-3,
-3,
-3,
-3,
-3,
-2,
-2,
-2,
-2,
-2,
-2,
-2,
-2,
-3,
-3,
-3,
-3,
-3,
-3,
-3,
-3,
-4,
-4,
-3,
-4,
-3,
-3,
-3,
-3,
-3,
-3,
-3,
-3,
-2,
-3,
-3,
-3,
-3,
-3,
-3,
-3,
-3,
-3,
-3,
-3,
-3,
-3,
-3,
-3,
-3,
-3,
-3,
-3,
-3,
-3,
-3,
-3,
-3,
-3,
-3,
-3,
-3,
-3,
-3,
-3,
-3,
-3,
-3,
-3,
-3,
-3,
-3,
-3,
-3,
-3,
-3,
-3,
-3,
-3,
-3,
-3,
-3,
-3,
-3,
-3,
-3,
-3,
-3,
-3,
-3,
-3,
-3,
-3,
-3,
-3,
-3,
-3,
-3,
-3,
-3,
-3,
-3,
-3,
-3,
-3,
-3,
-2,
-2,
-3,
-3,
-2,
-2,
-3,
-3,
-3,
-3,
-3,
-3,
-3,
-3,
-3,
-3,
-3,
-3,
-3,
-3,
-3,
-3,
-3,
-2,
-2,
-2,
-2,
-2,
-2,
-2,
-2,
-2,
-2,
-2,
-2,
-2,
-2,
-2,
-2,
-2,
-2,
-2,
-2,
-3,
-3,
-2,
-3,
-2,
-2,
-2,
-2,
-2,
-2,
-2,
-2,
-2,
-2,
-2,
-2,
-2,
-2,
-2,
-2,
-2,
-2,
-2,
-2,
-2,
-2,
-2,
-2,
-2,
-2,
-2,
-2,
-2,
-2,
-2,
-2,
-2,
-2,
-2,
-2,
-2,
-2,
-2,
-2,
-2,
-2,
-2,
-2,
-2,
-2,
-2,
-2,
-2,
-2,
-2,
-2,
-2,
-2,
-2,
-2,
-2,
-2,
-2,
-2,
-2,
-2,
-2,
-2,
-2,
-2,
-2,
-2,
-2,
-2,
-2,
-2,
-2,
-2,
-2,
-2,
-2,
-2,
-2,
-2,
-2,
-2,
-2,
-2,
-2,
-2,
-2,
-2,
-2,
-2,
-2,
-2,
-2,
-2,
-2,
-2,
-2,
-2,
-2,
-2,
-2,
-2,
-2,
-2,
-2,
-2,
-2,
-2,
-2,
-2,
-2,
-2,
-2,
-2,
-2,
-2,
-2,
-2,
-2,
-2,
-2,
-2,
-2,
-2,
-2,
-2,
-2,
-2,
-2,
-2,
-2,
-2,
-2,
-2,
-2,
-2,
-2,
-2,
-2,
-2,
-2,
-2,
-2,
-2,
-2,
-2,
-2,
-2,
-2,
-2,
-2,
-2,
-2,
-2,
-2,
-2,
-2,
-2,
-2,
-2,
-2,
-2,
-2,
-2,
-2,
-2,
-2,
-2,
-2,
-2,
-2,
-2,
-2,
-2,
-2,
-2,
-2,
-2,
-2,
-2,
-2,
-2,
-2,
-2,
-2,
-2,
-2,
-2,
-2,
-2,
-2,
-2,
-2,
-2,
-2,
-2,
-2,
-2,
-2,
-2,
-2,
-2,
-2,
-2,
-2,
-2,
-2,
-2,
-2,
-2,
-2,
-2,
-2,
-2,
-2,
-2,
-2,
-2,
-2,
-2,
-2,
-2,
-2,
-2,
-2,
-2,
-2,
-2,
-2,
-2,
-2,
-2,
-2,
-2,
-2,
-2,
-2,
-2,
-2,
-2,
-2,
-2,
-2,
-2,
-2,
-2,
-2,
-2,
-2,
-2,
-2,
-2,
-2,
-2,
-2,
-2,
-2,
-2,
-2,
-2,
-2,
-2,
-2,
-2,
-2,
-2,
-2,
-2,
-2,
-2,
-2,
-2,
-2,
-2,
-2,
-2,
-2,
-2,
-2,
-2,
-2,
-2,
-2,
-2,
-2,
-2,
-2,
-2,
-2,
-2,
-2,
-2,
-2,
-2,
-2,
-2,
-2,
-2,
-2,
-2,
-2,
-2,
-2,
-2,
-2,
-2,
-2,
-2,
-2,
-2,
-2,
-2,
-2,
-2,
-2,
-2,
-2,
-2,
-2,
-2,
-2,
-2,
-2,
-2,
-2,
-2,
-2,
-2,
-2,
-2,
-2,
-2,
-2,
-2,
-2,
-2,
-2,
-2,
-2,
-2,
-2,
-2,
-2,
-2,
-2,
-2,
-2,
-2,
-2,
-2,
-2,
-2,
-2,
-2,
-2,
-2,
-2,
-2,
-2,
-2,
-2,
-2,
-2,
-2,
-2,
-2,
-2,
-2,
-2,
-2,
-2,
-2,
-2,
-2,
-1,
-2,
-2,
-2,
-2,
-2,
-2,
-2,
-2,
-2,
-2,
-2,
-2,
-2,
-2,
-2,
-2,
-2,
-2,
-2,
-2,
-2,
-2,
-2,
-2,
-2,
-2,
-2,
-2,
-2,
-2,
-2,
-2,
-2,
-2,
-2,
-2,
-2,
-2,
-2,
-2,
-2,
-2,
-2,
-2,
-2,
-2,
-2,
-2,
-2,
-2,
-2,
-2,
-2,
-2,
-2,
-2,
-2,
-2,
-2,
-2,
-2,
-2,
-2,
-2,
-2,
-2,
-2,
-2,
-2,
-2,
-2,
-2,
-2,
-2,
-2,
-2,
-2,
-2,
-2,
-2,
-2,
-2,
-2,
-1,
-2,
-2,
-2,
-2,
-2,
-2,
-2,
-2,
-2,
-2,
-2,
-2,
-2,
-2,
-2,
-2,
-2,
-2,
-2,
-2,
-2,
-2,
-2,
-2,
-2,
-2,
-2,
-2,
-2,
-2,
-2,
-2,
-2,
-2,
-2,
-2,
-2,
-2,
-2,
-2,
-2,
-2,
-2,
-2,
-2,
-2,
-2,
-2,
-2,
-2,
-2,
-2,
-2,
-2,
-2,
-2,
-2,
-2,
-2,
-2,
-2,
-2,
-1,
-2,
-1,
-1,
-2,
-2,
-2,
-2,
-1,
-2,
-2,
-2,
-2,
-2,
-2,
-2,
-2,
-2,
-2,
-2,
-2,
-2,
-2,
-1,
-2,
-2,
-2,
-2,
-2,
-2,
-2,
-2,
-2,
-2,
-2,
-2,
-2,
-2,
-2,
-2,
-2,
-2,
-2,
-2,
-2,
-2,
-2,
-2,
-1,
-2,
-2,
-2,
-2,
-2,
-2,
-2,
-2,
-2,
-2,
-2,
-1,
-2,
-2,
-1,
-2,
-2,
-2,
-1,
-1,
-1,
-2,
-2,
-1,
-1,
-1,
-1,
-1,
-1,
-1,
-1,
-1,
-1,
-1,
-1,
-1,
-1,
0,
0,
1,
1,
3,
4,
7,
9,
12,
16,
19,
23,
27,
31,
35,
39,
43,
48,
52,
55,
58,
61,
63,
64,
65,
66,
66,
66,
65,
64,
63,
61,
60,
58,
56,
55,
53,
51,
50,
49,
48,
47,
46,
46,
45,
45,
45,
45,
45,
46,
47,
47,
48,
48,
49,
49,
50,
50,
51,
52,
52,
52,
53,
53,
53,
53,
53,
52,
52,
52,
52,
51,
51,
51,
51,
50,
50,
50,
49,
49,
49,
49,
49,
49,
49,
49,
49,
49,
49,
49,
50,
50,
50,
50,
50,
50,
50,
50,
50,
50,
50,
50,
50,
50,
50,
50,
50,
49,
49,
49,
49,
49,
49,
49,
49,
50,
50,
50,
50,
50,
50,
50,
50,
50,
50,
50,
50,
50,
50,
50,
50,
50,
49,
49,
49,
49,
49,
49,
49,
49,
49,
49,
49,
49,
49,
49,
49,
49,
49,
49,
50,
49,
49,
49,
49,
49,
49,
49,
49,
49,
49,
49,
49,
49,
49,
49,
49,
49,
49,
49,
49,
50,
49,
49,
49,
49,
49,
49,
49,
49,
49,
49,
49,
49,
49,
49,
49,
49,
49,
49,
49,
49,
49,
49,
50,
50,
50,
50,
50,
50,
49,
49,
49,
49,
49,
49,
49,
49,
49,
49,
49,
49,
49,
49,
49,
49,
49,
49,
49,
49,
49,
49,
49,
49,
49,
49,
49,
49,
49,
49,
49,
49,
49,
49,
49,
49,
49,
49,
49,
49,
49,
49,
49,
49,
49,
49,
49,
49,
49,
49,
49,
49,
49,
49,
49,
49,
49,
49,
49,
49,
49,
49,
49,
49,
49,
49,
49,
49,
49,
49,
49,
49,
49,
49,
49,
49,
49,
49,
49,
49,
49,
49,
49,
49,
49,
49,
49,
49,
49,
49,
49,
49,
49,
49,
49,
49,
49,
49,
49,
49,
49,
49,
49,
49,
49,
49,
49,
49,
49,
49,
49,
49,
49,
49,
49,
49,
49,
49,
49,
49,
49,
49,
49,
49,
49,
49,
49,
49,
49,
49,
49,
49,
49,
49,
49,
49,
49,
49,
49,
49,
49,
49,
49,
49,
49,
49,
49,
49,
49,
49,
49,
49,
49,
49,
49,
49,
49,
49,
49,
49,
49,
49,
49,
49,
49,
49,
49,
49,
49,
49,
49,
49,
49,
49,
49,
49,
49,
49,
49,
49,
49,
49,
49,
49,
49,
49,
49,
49,
49,
49,
49,
49,
49,
49,
49,
49,
49,
49,
49,
49,
49,
49,
49,
49,
49,
49,
49,
49,
49,
49,
49,
49,
49,
49,
49,
49,
49,
49,
49,
48,
49,
49,
49,
49,
49,
49,
49,
49,
49,
49,
49,
49,
49,
49,
49,
49,
49,
49,
49,
49,
49,
49,
49,
49,
49,
49,
49,
49,
49,
49,
49,
49,
49,
49,
49,
49,
49,
49,
49,
49,
49,
49,
49,
49,
49,
49,
49,
49,
49,
49,
49,
49,
49,
49,
49,
49,
49,
49,
49,
49,
49,
49,
49,
49,
49,
49,
49,
49,
49,
49,
49,
49,
49,
49,
49,
49,
49,
49,
49,
49,
49,
49,
49,
49,
49,
49,
49,
49,
48,
49,
49,
49,
49,
49,
49,
49,
49,
49,
49,
49,
49,
49,
49,
49,
49,
49,
49,
49,
49,
49,
49,
49,
49,
49,
49,
49,
49,
49,
49,
49,
49,
49,
49,
49,
49,
49,
49,
49,
49,
49,
49,
49,
49,
49,
49,
49,
49,
49,
49,
49,
49,
49,
49,
49,
49,
49,
49,
49,
49,
49,
49,
49,
49,
49,
49,
49,
49,
49,
49,
49,
49,
49,
49,
49,
48,
48,
49,
49,
49,
49,
49,
49,
49,
49,
49,
49,
49,
49,
49,
49,
49,
49,
49,
49,
48,
48,
48,
49,
49,
49,
49,
48,
48,
49,
49,
49,
49,
48,
49,
49,
49,
49,
49,
49,
49,
49,
49,
49,
49,
49,
49,
49,
49,
49,
49,
49,
49,
49,
49,
49,
49,
49,
49,
49,
49,
49,
49,
49,
49,
49,
49,
49,
49,
49,
49,
49,
49,
49,
49,
49,
49,
49,
49,
49,
48,
48,
49,
49,
49,
49,
49,
49,
48,
48,
49,
49,
49,
49,
49,
48,
49,
49,
49,
49,
49,
49,
49,
49,
49,
49,
49,
49,
49,
49,
49,
49,
49,
49,
49,
49,
49,
49,
49,
49,
49,
49,
48,
49,
49,
49,
49,
49,
48,
49,
49,
49,
48,
48,
49,
49,
48,
48,
49,
49,
49,
48,
48,
49,
48,
49,
49,
49,
49,
49,
49,
49,
48,
49,
49,
49,
49,
48,
48,
49,
49,
48,
49,
49,
49,
48,
48,
48,
48,
48,
49,
49,
48,
48,
48,
49,
49,
48,
49,
49,
48,
48,
49,
49,
48,
48,
48,
48,
48,
48,
49,
49,
49,
48,
48,
48,
49,
49,
49,
49,
49,
49,
49,
49,
49,
49,
49,
49,
49,
48,
48,
49,
49,
49,
49,
49,
49,
49,
49,
48,
48,
48,
49,
49,
48,
48,
48,
49,
48,
48,
48,
48,
48,
48,
48,
48,
48,
48,
48,
48,
48,
48,
48,
48,
48,
48,
48,
47,
47,
47,
46,
45,
43,
42,
39,
37,
34,
31,
27,
23,
19,
15,
11,
6,
2,
-2,
-5,
-9,
-11,
-14,
-16,
-17,
-18,
-19,
-19,
-18,
-18,
-17,
-15,
-14,
-12,
-10,
-9,
-7,
-5,
-4,
-2,
-1,
0,
0,
1,
2,
2,
2,
2,
2,
1,
1,
1,
0,
-1,
-1,
-2,
-2,
-3,
-3,
-4,
-4,
-5,
-5,
-5,
-6,
-6,
-6,
-6,
-6,
-5,
-5,
-5,
-4,
-4,
-3,
-3,
-3,
-3,
-3,
-3,
-2,
-2,
-2,
-2,
-2,
-2,
-2,
-2,
-2,
-3,
-3,
-3,
-3,
-3,
-3,
-3,
-3,
-4,
-4,
-4,
-3,
-3,
-3,
-3,
-3,
-3,
-3,
-3,
-3,
-3,
-3,
-3,
-3,
-3,
-3,
-3,
-3,
-3,
-3,
-3,
-3,
-3,
-3,
-3,
-3,
-3,
-3,
-3,
-3,
-3,
-3,
-3,
-3,
-3,
-3,
-3,
-3,
-3,
-3,
-3,
-3,
-3,
-3,
-3,
-3,
-3,
-3,
-3,
-3,
-3,
-3,
-3,
-3,
-3,
-3,
-3,
-3,
-3,
-3,
-3,
-2,
-3,
-3,
-3,
-3,
-3,
-3,
-3,
-3,
-3,
-3,
-3,
-3,
-3,
-3,
-3,
-3,
-3,
-3,
-2,
-2,
-2,
-2,
-2,
-2,
-2,
-2,
-2,
-2,
-3,
-3,
-3,
-3,
-3,
-3,
-3,
-3,
-3,
-3,
-3,
-3,
-3,
-3,
-2,
-2,
-2,
-2,
-2,
-2,
-2,
-2,
-2,
-2,
-2,
-2,
-2,
-2,
-2,
-2,
-2,
-2,
-2,
-2,
-2,
-2,
-2,
-2,
-3,
-2,
-3,
-2,
-2,
-2,
-2,
-2,
-2,
-2,
-2,
-2,
-2,
-2,
-2,
-2,
-2,
-2,
-2,
-2,
-2,
-2,
-2,
-2,
-2,
-2,
-2,
-2,
-2,
-2,
-2,
-2,
-2,
-2,
-2,
-2,
-2,
-2,
-2,
-2,
-2,
-2,
-2,
-2,
-2,
-2,
-2,
-2,
-2,
-2,
-2,
-2,
-2,
-2,
-2,
-2,
-2,
-2,
-2,
-2,
-2,
-2,
-2,
-2,
-2,
-2,
-2,
-2,
-2,
-2,
-2,
-2,
-2,
-2,
-2,
-2,
-2,
-2,
-2,
-2,
-2,
-2,
-2,
-2,
-2,
-2,
-2,
-2,
-2,
-2,
-2,
-2,
-2,
-2,
-2,
-2,
-2,
-2,
-2,
-2,
-2,
-2,
-2,
-2,
-2,
-2,
-2,
-2,
-2,
-2,
-2,
-2,
-2,
-2,
-2,
-2,
-2,
-2,
-2,
-2,
-2,
-2,
-2,
-2,
-2,
-2,
-2,
-2,
-2,
-2,
-2,
-2,
-2,
-2,
-2,
-2,
-2,
-2,
-2,
-2,
-2,
-2,
-2,
-2,
-2,
-2,
-2,
-2,
-2,
-2,
-2,
-2,
-2,
-2,
-2,
-2,
-2,
-2,
-2,
-2,
-2,
-2,
-2,
-2,
-2,
-2,
-2,
-2,
-2,
-2,
-2,
-2,
-2,
-2,
-2,
-2,
-2,
-2,
-2,
-2,
-2,
-2,
-2,
-2,
-2,
-2,
-2,
-2,
-2,
-2,
-2,
-2,
-2,
-2,
-2,
-2,
-2,
-2,
-2,
-2,
-2,
-2,
-2,
-2,
-2,
-2,
-2,
-2,
-2,
-2,
-2,
-2,
-2,
-2,
-2,
-2,
-2,
-2,
-2,
-2,
-2,
-2,
-2,
-2,
-2,
-2,
-2,
-2,
-2,
-2,
-2,
-2,
-2,
-2,
-2,
-2,
-2,
-2,
-2,
-2,
-2,
-2,
-2,
-2,
-2,
-2,
-2,
-2,
-2,
-2,
-2,
-2,
-2,
-2,
-2,
-2,
-2,
-2,
-2,
-2,
-2,
-2,
-2,
-2,
-2,
-2,
-2,
-2,
-2,
-2,
-2,
-2,
-2,
-2,
-2,
-2,
-2,
-2,
-2,
-2,
-2,
-2,
-2,
-2,
-2,
-2,
-2,
-2,
-2,
-2,
-2,
-2,
-2,
-2,
-2,
-2,
-2,
-2,
-2,
-2,
-2,
-2,
-2,
-2,
-2,
-2,
-2,
-2,
-2,
-2,
-2,
-2,
-2,
-2,
-2,
-2,
-2,
-2,
-2,
-2,
-2,
-2,
-2,
-2,
-2,
-2,
-2,
-2,
-2,
-2,
-2,
-2,
-2,
-2,
-2,
-2,
-2,
-2,
-2,
-2,
-2,
-2,
-2,
-2,
-2,
-2,
-2,
-2,
-2,
-2,
-2,
-2,
-2,
-2,
-2,
-2,
-2,
-2,
-2,
-2,
-2,
-2,
-2,
-2,
-2,
-2,
-2,
-2,
-2,
-2,
-2,
-2,
-2,
-2,
-2,
-2,
-2,
-2,
-2,
-2,
-2,
-2,
-2,
-2,
-2,
-2,
-2,
-2,
-2,
-2,
-2,
-2,
-2,
-2,
-2,
-2,
-2,
-2,
-2,
-2,
-2,
-2,
-2,
-2,
-2,
-2,
-2,
-2,
-2,
-2,
-2,
-2,
-2,
-2,
-2,
-2,
-2,
-2,
-2,
-2,
-2,
-2,
-2,
-2,
-2,
-2,
-1,
-2,
-2,
-2,
-2,
-2,
-2,
-2,
-2,
-2,
-2,
-2,
-2,
-2,
-2,
-2,
-2,
-2,
-2,
-2,
-2,
-2,
-2,
-2,
-2,
-2,
-2,
-2,
-2,
-2,
-2,
-2,
-2,
-2,
-2,
-2,
-2,
-2,
-2,
-2,
-2,
-2,
-2,
-2,
-2,
-2,
-2,
-2,
-2,
-2,
-2,
-2,
-2,
-2,
-2,
-2,
-2,
-2,
-2,
-2,
-2,
-2,
-2,
-2,
-2,
-2,
-2,
-2,
-2,
-2,
-2,
-2,
-2,
-2,
-2,
-2,
-2,
-2,
-2,
-1,
-2,
-2,
-2,
-2,
-2,
-2,
-2,
-2,
-2,
-2,
-2,
-2,
-2,
-2,
-2,
-2,
-2,
-2,
-2,
-2,
-2,
-2,
-2,
-2,
-2,
-2,
-2,
-2,
-2,
-2,
-2,
-2,
-2,
-2,
-2,
-2,
-2,
-2,
-2,
-1,
-1,
-2,
-2,
-2,
-2,
-2,
-2,
-2,
-2,
-2,
-2,
-1,
-1,
-2,
-2,
-2,
-2,
-2,
-2,
-2,
-2,
-1,
-2,
-2,
-2,
-2,
-2,
-2,
-2,
-1,
-1,
-1,
-2,
-2,
-2,
-2,
-1,
-1,
-1,
-2,
-2,
-1,
-1,
-2,
-1,
-1,
-1,
-1,
-2,
-1,
-1,
-1,
-1,
-1,
-1,
-1,
-1,
-1,
-1,
-1,
-1,
-1,
-1,
0,
0,
1,
2,
4,
6,
9,
11,
14,
18,
22,
26,
29,
34,
38,
42,
46,
50,
54,
57,
60,
62,
64,
65,
66,
66,
66,
66,
65,
63,
62,
60,
59,
57,
55,
54,
52,
51,
49,
48,
47,
46,
46,
45,
45,
45,
45,
45,
46,
47,
47,
47,
48,
48,
49,
50,
50,
51,
51,
52,
52,
52,
53,
53,
53,
53,
53,
53,
52,
52,
51,
51,
51,
51,
50,
50,
50,
49,
49,
49,
49,
49,
49,
49,
49,
49,
49,
49,
49,
50,
50,
50,
50,
50,
50,
50,
50,
50,
50,
50,
50,
50,
50,
50,
50,
50,
50,
49,
49,
49,
49,
49,
49,
49,
49,
49,
50,
50,
50,
50,
50,
50,
50,
50,
50,
50,
50,
50,
50,
50,
50,
50,
49,
49,
49,
49,
49,
49,
49,
49,
49,
49,
49,
49,
49,
49,
49,
49,
49,
49,
49,
49,
49,
49,
49,
49,
49,
49,
49,
49,
49,
49,
49,
49,
49,
49,
49,
50,
50,
49,
49,
49,
49,
49,
49,
49,
49,
49,
49,
49,
49,
49,
49,
49,
49,
49,
49,
49,
49,
49,
49,
49,
49,
49,
49,
50,
50,
49,
50,
49,
49,
49,
49,
49,
49,
49,
49,
49,
49,
49,
49,
49,
49,
49,
49,
49,
49,
49,
49,
49,
49,
49,
49,
49,
49,
49,
49,
49,
49,
49,
49,
49,
49,
49,
49,
49,
49,
49,
49,
49,
49,
49,
49,
49,
49,
49,
49,
49,
49,
49,
49,
49,
49,
49,
49,
49,
49,
49,
49,
49,
49,
49,
49,
49,
49,
49,
49,
49,
49,
49,
49,
49,
49,
49,
49,
49,
49,
49,
49,
49,
49,
49,
49,
49,
49,
49,
49,
49,
49,
49,
49,
49,
49,
49,
49,
49,
49,
49,
49,
49,
49,
49,
49,
49,
49,
49,
49,
49,
49,
49,
49,
49,
49,
49,
49,
49,
49,
49,
49,
49,
49,
49,
49,
49,
49,
49,
49,
49,
49,
49,
49,
49,
49,
49,
49,
49,
49,
49,
49,
49,
49,
49,
49,
49,
49,
49,
49,
49,
49,
49,
49,
49,
49,
49,
49,
49,
49,
49,
49,
49,
49,
49,
49,
49,
49,
49,
49,
49,
49,
49,
49,
49,
49,
49,
49,
49,
49,
49,
49,
49,
49,
49,
49,
49,
49,
49,
49,
49,
49,
49,
49,
49,
49,
49,
49,
49,
49,
49,
49,
49,
49,
49,
49,
49,
49,
49,
49,
49,
49,
49,
49,
49,
49,
49,
49,
49,
49,
49,
49,
49,
49,
49,
49,
49,
49,
49,
49,
49,
49,
49,
49,
49,
49,
49,
49,
49,
49,
49,
49,
49,
49,
49,
49,
49,
49,
49,
49,
49,
49,
49,
49,
49,
49,
49,
49,
49,
49,
49,
49,
49,
49,
49,
49,
49,
49,
49,
49,
49,
49,
49,
49,
49,
49,
49,
49,
49,
49,
49,
49,
49,
49,
49,
49,
49,
49,
49,
49,
49,
49,
49,
49,
49,
49,
49,
49,
49,
49,
49,
49,
49,
49,
49,
49,
49,
49,
49,
49,
49,
48,
48,
48,
49,
49,
49,
49,
49,
49,
49,
49,
49,
49,
49,
49,
49,
49,
49,
49,
49,
49,
49,
49,
49,
49,
49,
49,
49,
49,
49,
49,
49,
49,
49,
49,
49,
49,
49,
49,
49,
49,
49,
49,
49,
49,
49,
49,
49,
49,
48,
49,
49,
49,
49,
49,
49,
49,
49,
49,
49,
49,
49,
49,
49,
49,
49,
49,
49,
49,
48,
49,
49,
49,
49,
48,
49,
49,
49,
48,
49,
49,
48,
49,
49,
49,
49,
49,
49,
49,
49,
49,
49,
49,
48,
48,
49,
49,
49,
49,
49,
49,
49,
49,
49,
49,
48,
48,
49,
49,
49,
49,
49,
49,
48,
49,
49,
49,
49,
49,
49,
49,
49,
49,
49,
49,
49,
49,
49,
49,
49,
49,
49,
49,
49,
49,
49,
49,
49,
49,
49,
49,
49,
49,
49,
49,
49,
49,
49,
49,
48,
49,
49,
49,
49,
49,
49,
49,
49,
49,
49,
49,
49,
48,
49,
49,
49,
49,
49,
49,
49,
49,
49,
49,
49,
49,
49,
49,
49,
49,
49,
49,
49,
48,
49,
49,
49,
49,
49,
48,
48,
48,
49,
49,
49,
49,
49,
49,
48,
48,
48,
49,
48,
48,
49,
49,
49,
49,
49,
48,
48,
49,
49,
49,
49,
49,
49,
49,
49,
49,
49,
49,
49,
49,
49,
48,
48,
48,
49,
49,
49,
49,
48,
48,
49,
49,
48,
49,
49,
48,
49,
49,
48,
48,
49,
49,
49,
48,
48,
49,
49,
49,
49,
48,
48,
48,
48,
48,
48,
48,
48,
49,
48,
48,
48,
49,
49,
49,
49,
49,
49,
49,
49,
48,
48,
49,
49,
49,
48,
48,
48,
48,
48,
48,
49,
49,
48,
49,
49,
49,
49,
48,
48,
49,
48,
48,
48,
48,
49,
48,
48,
49,
49,
49,
49,
48,
48,
48,
48,
49,
49,
49,
48,
48,
48,
48,
48,
48,
48,
48,
48,
48,
48,
47,
47,
47,
46,
45,
44,
42,
40,
38,
35,
32,
29,
25,
21,
16,
12,
8,
4,
0,
-4,
-7,
-10,
-13,
-15,
-16,
-18,
-19,
-19,
-19,
-18,
-17,
-16,
-14,
-13,
-11,
-9,
-7,
-6,
-4,
-3,
-2,
-1,
0,
1,
2,
2,
2,
2,
2,
1,
1,
1,
0,
-1,
-1,
-2,
-2,
-3,
-3,
-3,
-4,
-5,
-5,
-5,
-6,
-6,
-6,
-6,
-6,
-6,
-5,
-5,
-4,
-4,
-4,
-3,
-3,
-3,
-3,
-3,
-3,
-2,
-2,
-2,
-2,
-2,
-2,
-2,
-2,
-3,
-3,
-3,
-3,
-3,
-3,
-3,
-3,
-4,
-4,
-4,
-4,
-4,
-3,
-3,
-3,
-3,
-3,
-3,
-3,
-3,
-2,
-3,
-3,
-3,
-3,
-3,
-3,
-3,
-3,
-3,
-3,
-3,
-3,
-3,
-3,
-3,
-3,
-3,
-3,
-3,
-3,
-3,
-3,
-3,
-3,
-3,
-3,
-3,
-3,
-3,
-3,
-3,
-3,
-3,
-3,
-3,
-3,
-3,
-3,
-3,
-3,
-3,
-3,
-3,
-3,
-3,
-3,
-3,
-3,
-3,
-3,
-3,
-3,
-3,
-3,
-3,
-3,
-3,
-3,
-3,
-3,
-3,
-3,
-3,
-3,
-3,
-3,
-3,
-3,
-3,
-3,
-2,
-2,
-2,
-2,
-2,
-2,
-2,
-3,
-3,
-3,
-3,
-3,
-3,
-3,
-3,
-3,
-3,
-3,
-3,
-3,
-3,
-3,
-3,
-3,
-3,
-2,
-2,
-2,
-2,
-2,
-2,
-2,
-2,
-2,
-2,
-2,
-2,
-2,
-2,
-2,
-2,
-2,
-2,
-2,
-2,
-2,
-3,
-3,
-2,
-3,
-2,
-3,
-2,
-2,
-2,
-2,
-2,
-2,
-2,
-2,
-2,
-2,
-2,
-2,
-2,
-2,
-2,
-2,
-2,
-2,
-2,
-2,
-2,
-2,
-2,
-2,
-2,
-2,
-2,
-2,
-2,
-2,
-2,
-2,
-2,
-2,
-2,
-2,
-2,
-2,
-2,
-2,
-2,
-2,
-2,
-2,
-2,
-2,
-2,
-2,
-2,
-2,
-2,
-2,
-2,
-2,
-2,
-2,
-2,
-2,
-2,
-2,
-2,
-2,
-2,
-2,
-2,
-2,
-2,
-2,
-2,
-2,
-2,
-2,
-2,
-2,
-2,
-2,
-2,
-2,
-2,
-2,
-2,
-2,
-2,
-2,
-2,
-2,
-2,
-2,
-2,
-2,
-2,
-2,
-2,
-2,
-2,
-2,
-2,
-2,
-2,
-2,
-2,
-2,
-2,
-2,
-2,
-2,
-2,
-2,
-2,
-2,
-2,
-2,
-2,
-2,
-2,
-2,
-2,
-2,
-2,
-2,
-2,
-2,
-2,
-2,
-2,
-2,
-2,
-2,
-2,
-2,
-2,
-2,
-2,
-2,
-2,
-2,
-2,
-2,
-2,
-2,
-2,
-2,
-2,
-2,
-2,
-2,
-2,
-2,
-2,
-2,
-2,
-2,
-2,
-2,
-2,
-2,
-2,
-2,
-2,
-2,
-2,
-2,
-2,
-2,
-2,
-2,
-2,
-2,
-2,
-2,
-2,
-2,
-2,
-2,
-2,
-2,
-2,
-2,
-2,
-2,
-2,
-2,
-2,
-2,
-2,
-2,
-2,
-2,
-2,
-2,
-2,
-2,
-2,
-2,
-2,
-2,
-2,
-2,
-2,
-2,
-2,
-2,
-2,
-2,
-2,
-2,
-2,
-2,
-2,
-2,
-2,
-2,
-2,
-2,
-2,
-2,
-2,
-2,
-2,
-2,
-2,
-2,
-2,
-2,
-2,
-2,
-2,
-2,
-2,
-2,
-2,
-2,
-2,
-2,
-2,
-2,
-2,
-2,
-2,
-2,
-2,
-2,
-2,
-2,
-2,
-2,
-2,
-2,
-2,
-2,
-2,
-2,
-2,
-2,
-2,
-2,
-2,
-2,
-2,
-2,
-2,
-2,
-2,
-2,
-2,
-2,
-2,
-2,
-2,
-2,
-2,
-2,
-2,
-2,
-2,
-2,
-2,
-2,
-2,
-2,
-2,
-2,
-2,
-2,
-2,
-2,
-2,
-2,
-2,
-2,
-2,
-2,
-2,
-2,
-2,
-2,
-2,
-2,
-2,
-2,
-2,
-2,
-2,
-2,
-2,
-2,
-2,
-2,
-2,
-2,
-2,
-2,
-2,
-2,
-2,
-2,
-2,
-2,
-2,
-2,
-2,
-2,
-2,
-2,
-2,
-2,
-2,
-2,
-2,
-2,
-2,
-2,
-2,
-2,
-2,
-2,
-2,
-2,
-2,
-2,
-2,
-2,
-2,
-2,
-2,
-2,
-2,
-2,
-2,
-2,
-2,
-2,
-2,
-2,
-2,
-2,
-2,
-2,
-2,
-2,
-2,
-2,
-2,
-2,
-2,
-2,
-2,
-2,
-2,
-2,
-2,
-2,
-2,
-2,
-2,
-2,
-2,
-2,
-2,
-2,
-2,
-2,
-2,
-2,
-2,
-2,
-2,
-2,
-2,
-2,
-2,
-2,
-2,
-2,
-2,
-2,
-2,
-2,
-2,
-2,
-2,
-2,
-2,
-2,
-2,
-2,
-2,
-2,
-2,
-2,
-2,
-2,
-2,
-2,
-2,
-2,
-2,
-2,
-2,
-2,
-2,
-2,
-2,
-2,
-2,
-2,
-2,
-2,
-2,
-2,
-2,
-2,
-2,
-2,
-2,
-2,
-2,
-2,
-2,
-2,
-2,
-2,
-2,
-2,
-2,
-2,
-2,
-2,
-2,
-2,
-2,
-2,
-2,
-2,
-2,
-2,
-2,
-2,
-2,
-2,
-2,
-2,
-2,
-2,
-2,
-2,
-2,
-2,
-2,
-2,
-2,
-2,
-2,
-2,
-2,
-2,
-2,
-2,
-2,
-2,
-2,
-2,
-2,
-2,
-2,
-2,
-2,
-2,
-2,
-2,
-2,
-2,
-2,
-2,
-2,
-2,
-2,
-2,
-2,
-2,
-2,
-2,
-2,
-2,
-2,
-2,
-2,
-1,
-2,
-2,
-2,
-2,
-2,
-2,
-2,
-2,
-2,
-2,
-2,
-2,
-2,
-2,
-2,
-2,
-2,
-2,
-2,
-2,
-2,
-2,
-2,
-1,
-2,
-2,
-2,
-1,
-2,
-2,
-2,
-2,
-2,
-2,
-2,
-2,
-2,
-2,
-2,
-2,
-2,
-2,
-2,
-2,
-2,
-2,
-2,
-2,
-2,
-2,
-2,
-2,
-2,
-2,
-2,
-2,
-2,
-1,
-1,
-1,
-2,
-2,
-2,
-1,
-2,
-2,
-2,
-2,
-2,
-2,
-2,
-1,
-2,
-2,
-2,
-2,
-2,
-1,
-2,
-1,
-1,
-2,
-1,
-1,
-1,
-1,
-1,
-1,
-1,
-1,
-1,
-1,
-1,
-1,
-1,
0,
0,
1,
2,
3,
5,
7,
10,
13,
16,
20,
24,
28,
32,
36,
40,
44,
49,
53,
56,
58,
61,
63,
64,
65,
66,
66,
66,
65,
64,
63,
61,
60,
58,
56,
54,
53,
51,
50,
49,
48,
47,
46,
46,
45,
45,
45,
45,
46,
46,
47,
47,
48,
48,
49,
49,
50,
51,
51,
52,
52,
52,
53,
53,
53,
53,
53,
53,
52,
52,
52,
51,
51,
51,
51,
50,
50,
50,
49,
49,
49,
49,
49,
49,
49,
49,
49,
49,
49,
50,
50,
50,
50,
50,
50,
50,
50,
50,
50,
50,
50,
50,
50,
50,
50,
50,
50,
49,
49,
49,
49,
49,
49,
49,
49,
49,
50,
50,
50,
50,
50,
50,
50,
50,
50,
50,
50,
50,
50,
50,
50,
49,
49,
49,
49,
49,
49,
49,
49,
49,
49,
49,
49,
49,
49,
49,
49,
49,
49,
50,
49,
49,
49,
49,
49,
49,
49,
49,
49,
49,
49,
49,
49,
49,
49,
49,
49,
49,
49,
50,
50,
49,
49,
49,
49,
49,
49,
49,
49,
49,
49,
49,
49,
49,
49,
49,
49,
49,
49,
49,
49,
49,
49,
50,
49,
49,
49,
50,
50,
49,
49,
49,
49,
49,
49,
49,
49,
49,
49,
49,
49,
49,
49,
49,
49,
49,
49,
49,
49,
49,
49,
49,
49,
49,
49,
49,
49,
49,
49,
49,
49,
49,
49,
49,
49,
49,
49,
49,
49,
49,
49,
49,
49,
49,
49,
49,
49,
49,
49,
49,
49,
49,
49,
49,
49,
49,
49,
49,
49,
49,
49,
49,
49,
49,
49,
49,
49,
49,
49,
49,
49,
49,
49,
49,
49,
49,
49,
49,
49,
49,
49,
49,
49,
49,
49,
49,
49,
49,
49,
49,
49,
49,
49,
49,
49,
49,
49,
49,
49,
49,
49,
49,
49,
49,
49,
49,
49,
49,
49,
49,
49,
49,
49,
49,
49,
49,
49,
49,
49,
49,
49,
49,
49,
49,
49,
49,
49,
49,
49,
49,
49,
49,
49,
49,
49,
49,
49,
49,
49,
49,
49,
49,
49,
49,
49,
49,
49,
49,
49,
49,
49,
49,
49,
49,
49,
49,
49,
49,
49,
49,
49,
49,
49,
49,
49,
49,
49,
49,
49,
49,
49,
49,
49,
49,
49,
49,
49,
49,
49,
49,
49,
49,
49,
49,
49,
49,
49,
49,
49,
49,
49,
49,
49,
49,
49,
49,
49,
49,
49,
49,
49,
49,
49,
49,
49,
49,
49,
49,
49,
49,
49,
49,
49,
49,
49,
49,
49,
49,
49,
49,
49,
49,
49,
49,
49,
49,
49,
49,
49,
49,
49,
49,
49,
49,
49,
49,
49,
49,
49,
49,
49,
49,
49,
49,
49,
49,
49,
49,
49,
49,
49,
49,
49,
49,
49,
48,
49,
49,
49,
49,
49,
49,
49,
49,
49,
49,
49,
49,
49,
49,
49,
49,
49,
49,
49,
49,
49,
49,
49,
49,
49,
49,
49,
49,
49,
49,
49,
49,
49,
49,
49,
49,
49,
49,
49,
49,
49,
49,
49,
49,
49,
49,
49,
49,
48,
49,
49,
49,
49,
49,
49,
49,
49,
49,
49,
49,
49,
49,
49,
49,
49,
49,
49,
49,
49,
49,
49,
49,
49,
49,
49,
48,
49,
49,
49,
49,
49,
49,
49,
48,
49,
49,
49,
49,
49,
49,
49,
49,
49,
49,
49,
49,
49,
49,
49,
49,
49,
49,
49,
49,
49,
49,
49,
49,
49,
49,
49,
49,
49,
49,
49,
49,
49,
49,
49,
49,
49,
49,
49,
48,
48,
49,
49,
48,
49,
49,
49,
49,
49,
49,
49,
49,
49,
49,
49,
49,
49,
49,
49,
49,
49,
49,
49,
49,
49,
49,
49,
49,
49,
49,
49,
49,
49,
49,
49,
49,
49,
49,
49,
49,
49,
49,
49,
48,
49,
49,
49,
49,
49,
49,
49,
49,
49,
49,
49,
49,
49,
49,
49,
49,
48,
48,
48,
48,
49,
49,
49,
49,
49,
49,
49,
48,
49,
49,
49,
48,
48,
48,
48,
48,
48,
48,
49,
49,
48,
49,
49,
48,
48,
49,
48,
48,
49,
49,
48,
49,
49,
49,
49,
49,
49,
49,
49,
49,
49,
48,
49,
49,
49,
49,
49,
49,
49,
49,
49,
49,
49,
49,
49,
49,
49,
49,
49,
49,
49,
49,
49,
49,
49,
48,
49,
49,
49,
49,
49,
49,
48,
49,
49,
49,
49,
49,
49,
48,
48,
49,
49,
49,
49,
49,
49,
48,
48,
49,
48,
49,
49,
49,
49,
48,
48,
48,
48,
48,
49,
49,
49,
49,
49,
48,
49,
48,
48,
49,
49,
48,
49,
49,
49,
49,
49,
49,
49,
48,
48,
49,
49,
49,
48,
49,
48,
48,
49,
49,
49,
48,
48,
49,
49,
49,
48,
48,
49,
49,
49,
49,
49,
49,
49,
48,
48,
49,
49,
49,
49,
48,
49,
49,
48,
48,
48,
48,
48,
48,
48,
48,
48,
49,
49,
48,
48,
48,
48,
48,
48,
48,
49,
48,
48,
48,
48,
48,
48,
48,
48,
48,
48,
48,
48,
48,
48,
47,
47,
47,
46,
45,
43,
41,
39,
37,
34,
30,
27,
23,
19,
14,
10,
6,
2,
-2,
-6,
-9,
-11,
-14,
-16,
-17,
-18,
-19,
-19,
-18,
-18,
-16,
-15,
-13,
-12,
-10,
-8,
-7,
-5,
-4,
-2,
-1,
0,
0,
1,
2,
2,
2,
2,
2,
1,
1,
0,
0,
-1,
-1,
-2,
-2,
-3,
-3,
-4,
-4,
-5,
-5,
-5,
-6,
-6,
-6,
-6,
-6,
-5,
-5,
-5,
-4,
-4,
-4,
-3,
-3,
-3,
-3,
-3,
-2,
-2,
-2,
-2,
-2,
-2,
-2,
-2,
-3,
-3,
-3,
-3,
-3,
-3,
-3,
-3,
-3,
-4,
-4,
-4,
-4,
-3,
-3,
-3,
-3,
-3,
-3,
-3,
-3,
-3,
-3,
-3,
-3,
-3,
-3,
-3,
-3,
-3,
-3,
-3,
-3,
-3,
-3,
-3,
-3,
-3,
-3,
-3,
-3,
-3,
-3,
-3,
-3,
-3,
-3,
-3,
-3,
-3,
-3,
-3,
-3,
-3,
-3,
-3,
-3,
-3,
-3,
-3,
-3,
-3,
-3,
-3,
-3,
-3,
-3,
-3,
-3,
-3,
-3,
-2,
-3,
-3,
-3,
-3,
-3,
-3,
-3,
-3,
-3,
-3,
-3,
-3,
-3,
-3,
-3,
-3,
-3,
-3,
-3,
-3,
-3,
-3,
-2,
-2,
-2,
-2,
-2,
-2,
-3,
-3,
-3,
-3,
-3,
-3,
-3,
-3,
-3,
-3,
-3,
-3,
-3,
-3,
-3,
-3,
-3,
-3,
-2,
-2,
-2,
-2,
-2,
-2,
-2,
-2,
-2,
-2,
-2,
-2,
-2,
-2,
-2,
-2,
-2,
-2,
-2,
-3,
-3,
-3,
-3,
-3,
-3,
-2,
-2,
-2,
-2,
-2,
-2,
-2,
-2,
-2,
-2,
-2,
-2,
-2,
-2,
-2,
-2,
-2,
-2,
-2,
-2,
-2,
-2,
-2,
-2,
-2,
-2,
-2,
-2,
-2,
-2,
-2,
-2,
-2,
-2,
-2,
-2,
-2,
-2,
-2,
-2,
-2,
-2,
-2,
-2,
-2,
-2,
-2,
-2,
-2,
-2,
-2,
-2,
-2,
-2,
-2,
-2,
-2,
-2,
-2,
-2,
-2,
-2,
-2,
-2,
-2,
-2,
-2,
-2,
-2,
-2,
-2,
-2,
-2,
-2,
-2,
-2,
-2,
-2,
-2,
-2,
-2,
-2,
-2,
-2,
-2,
-2,
-2,
-2,
-2,
-2,
-2,
-2,
-2,
-2,
-2,
-2,
-2,
-2,
-2,
-2,
-2,
-2,
-2,
-2,
-2,
-2,
-2,
-2,
-2,
-2,
-2,
-2,
-2,
-2,
-2,
-2,
-2,
-2,
-2,
-2,
-2,
-2,
-2,
-2,
-2,
-2,
-2,
-2,
-2,
-2,
-2,
-2,
-2,
-2,
-2,
-2,
-2,
-2,
-2,
-2,
-2,
-2,
-2,
-2,
-2,
-2,
-2,
-2,
-2,
-2,
-2,
-2,
-2,
-2,
-2,
-2,
-2,
-2,
-2,
-2,
-2,
-2,
-2,
-2,
-2,
-2,
-2,
-2,
-2,
-2,
-2,
-2,
-2,
-2,
-2,
-2,
-2,
-2,
-2,
-2,
-2,
-2,
-2,
-2,
-2,
-2,
-2,
-2,
-2,
-2,
-2,
-2,
-2,
-2,
-2,
-2,
-2,
-2,
-2,
-2,
